video_id,title,description,url,channel_id,channel_title,published_at,view_count,like_count,comment_count,duration,thumbnail_url,content_type,metadata,keyword
nvdFCjhVLN4,"Pilkada Lewat DPRD, Solusi Hemat? | AKIM tvOne","AKIM, - Pilkada Lewat DPRD , Solusi Hemat? | AKIM tvOne Ide untuk mengembalikan mekanisme ...",https://www.youtube.com/watch?v=nvdFCjhVLN4,UCER4rvDnRBPr_ncYW4UCZjg,tvOneNews,3 hari yang lalu,0,0,0,39.20,https://i.ytimg.com/vi/nvdFCjhVLN4/hq720.jpg?sqp=-oaymwEcCNAFEJQDSFXyq4qpAw4IARUAAIhCGAFwAcABBg==&rs=AOn4CLB0vDYJs8XAZ0eHM0-032QE-nHeYg,video,"{'scraped_at': '2026-01-08T16:07:04.074368', 'scraper': 'youtube', 'keywords': ['https', 'tvone', 'dprd', 'com', 'mengembalikan', 'hemat', 'tvonenews', 'www', 'mekanisme', 'ide'], 'language': 'id'}",pemilihan gubernur oleh DPRD
smexvSJSHgE,"Ray Rangkuti Soroti Perubahan Sikap Demokrat soal Pilkada Lewat DPRD, Tekanan atau Demi Kekuasaan?","JAKARTA, KOMPAS.TV - Sikap Partai Demokrat soal mekanisme kepala daerah dipilih melalui DPRD kini berbalik arah.",https://www.youtube.com/watch?v=smexvSJSHgE,UC5BMIWZe9isJXLZZWPWvBlg,KOMPASTV,1 hari yang lalu,0,0,0,4.47,https://i.ytimg.com/vi/smexvSJSHgE/hq720.jpg?sqp=-oaymwEcCNAFEJQDSFXyq4qpAw4IARUAAIhCGAFwAcABBg==&rs=AOn4CLBTjJTQH_2C1nwb-RZAzHJkISANfg,video,"{'scraped_at': '2026-01-08T16:07:04.075369', 'scraper': 'youtube', 'keywords': ['atau', 'soal', 'arah', 'partai', 'pilkada', 'kekuasaan', 'demi', 'dipilih', 'melalui', 'kompas'], 'language': 'id'}",pemilihan gubernur oleh DPRD
pS_MqR7VroQ,[FULL] Beda Pendapat Bivitri Susanti & Komisi II DPR F-PKB soal Kepala Daerah Dipilih DPRD,KOMPAS.TV - Sejumlah partai politik secara terbuka mendukung usulan pemilihan kepala daerah dilakukan melalui DPRD .,https://www.youtube.com/watch?v=pS_MqR7VroQ,UC5BMIWZe9isJXLZZWPWvBlg,KOMPASTV,6 hari yang lalu,0,0,0,20.39,https://i.ytimg.com/vi/pS_MqR7VroQ/hq720.jpg?sqp=-oaymwEcCNAFEJQDSFXyq4qpAw4IARUAAIhCGAFwAcABBg==&rs=AOn4CLA4nVQZARmsKQIrJBXbiKu2XCSlsw,video,"{'scraped_at': '2026-01-08T16:07:04.075369', 'scraper': 'youtube', 'keywords': ['usulan', 'dpr', 'soal', 'full', 'susanti', 'partai', 'pemilihan', 'dipilih', 'pendapat', 'melalui'], 'language': 'id'}",pemilihan gubernur oleh DPRD
aTkfJyYZCO8,Ahok Tolak Keras Wacana Pilkada via DPRD,Download aplikasi berita TribunX di Play Store atau App Store untuk dapatkan pengalaman baru. Mantan Gubernur DKI Jakarta ...,https://www.youtube.com/watch?v=aTkfJyYZCO8,UCr8WCDMH5PpPq6uUxHg5A7w,Tribun Kaltim Official,10 jam yang lalu,0,0,0,16.14,https://i.ytimg.com/vi/aTkfJyYZCO8/hq720.jpg?sqp=-oaymwEcCNAFEJQDSFXyq4qpAw4IARUAAIhCGAFwAcABBg==&rs=AOn4CLCikukZUjBFnYPzWX_L-byz-URQvg,video,"{'scraped_at': '2026-01-08T16:07:04.075369', 'scraper': 'youtube', 'keywords': ['play', 'atau', 'ahok', 'dki', 'gubernur', 'pilkada', 'aplikasi', 'via', 'keras', 'tribunx'], 'language': 'id'}",pemilihan gubernur oleh DPRD
C6TyzMMmtMk,Pengamat Klaim Tokoh Seperti Jokowi & Anies Baswedan Gak Akan Muncul Jika Kepala Daerah Dipilih DPRD,Download aplikasi berita TribunX di Play Store atau App Store untuk dapatkan pengalaman baru TRIBUN-VIDEO.COM- Direktur ...,https://www.youtube.com/watch?v=C6TyzMMmtMk,UCmxAIW7RDDC88EPk4ry16Kg,Tribunnews,9 jam yang lalu,0,0,0,0.06,https://i.ytimg.com/vi/C6TyzMMmtMk/hq720_2.jpg?sqp=-oaymwE2CNAFEJQDSFXyq4qpAygIARUAAIhCGABwAcABBvABAfgBtgiAAoAPigIMCAAQARgTIFAofzAP&rs=AOn4CLC3VMzfYlfvX3bLEzXBDfa5xj3h1A,video,"{'scraped_at': '2026-01-08T16:07:04.075369', 'scraper': 'youtube', 'keywords': ['play', 'tribun', 'gak', 'atau', 'direktur', 'jokowi', 'com', 'klaim', 'dipilih', 'anies'], 'language': 'id'}",pemilihan gubernur oleh DPRD
-gOSvGmlNkE,Sekjen Sugiono Paparkan Alasan Gerindra Dukung Kepala Daerah Dipilih DPRD,"Garuda Tv- Dalam pernyataan sikap terbarunya, Partai Gerindra menekankan pentingnya evaluasi sistem pemilihan demi ...",https://www.youtube.com/watch?v=-gOSvGmlNkE,UCmXp0n4Oq8DGzjRZj3EvG4Q,GARUDA TV,11 hari yang lalu,0,0,0,2.01,https://i.ytimg.com/vi/-gOSvGmlNkE/hq720.jpg?sqp=-oaymwEcCNAFEJQDSFXyq4qpAw4IARUAAIhCGAFwAcABBg==&rs=AOn4CLBtAbp-XUSLPjf_fr_CfTsbgydRgw,video,"{'scraped_at': '2026-01-08T16:07:04.075369', 'scraper': 'youtube', 'keywords': ['dalam', 'partai', 'menekankan', 'evaluasi', 'pemilihan', 'demi', 'paparkan', 'dipilih', 'sistem', 'alasan'], 'language': 'id'}",pemilihan gubernur oleh DPRD
x-4OoYoP0X8,"Jebakan Pilkada Lewat DPRD, Siapa Untung dan Buntung?",Di penutup tahun 2025 dan awal tahun 2026 kembali kencang wacana usulan pemilihan kepala daerah lewat DPRD .,https://www.youtube.com/watch?v=x-4OoYoP0X8,UCovqoUzPm9_s6mMt9OiWKpA,Harian Kompas,5 hari yang lalu,0,0,0,5.38,https://i.ytimg.com/vi/x-4OoYoP0X8/hq720.jpg?sqp=-oaymwEcCNAFEJQDSFXyq4qpAw4IARUAAIhCGAFwAcABBg==&rs=AOn4CLDrJweUtE61oRl_ufufQYGHy47u2w,video,"{'scraped_at': '2026-01-08T16:07:04.075369', 'scraper': 'youtube', 'keywords': ['usulan', 'pilkada', 'pemilihan', 'siapa', 'awal', 'penutup', 'tahun', '2025', 'daerah', 'kepala'], 'language': 'id'}",pemilihan gubernur oleh DPRD
dtJHbOKWBfQ,Ahok Tegas Tolak Pilkada oleh DPRD: Itu Mengambil Hak Rakyat!,"Mantan Gubernur DKI Jakarta Basuki Tjahaja Purnama alias Ahok menolak wacana mekanisme Pilkada via DPRD , dan ...",https://www.youtube.com/watch?v=dtJHbOKWBfQ,UCJpdpj9hNhaYBRGusGv7CjQ,Tribun Jateng,2 jam yang lalu,0,0,0,1.00,https://i.ytimg.com/vi/dtJHbOKWBfQ/hq720_2.jpg?sqp=-oaymwE2CNAFEJQDSFXyq4qpAygIARUAAIhCGABwAcABBvABAfgBtgiAAoAPigIMCAAQARgTIEwofzAP&rs=AOn4CLCeahU2pJBM9RqqzeNGxZ_bgFLK2g,video,"{'scraped_at': '2026-01-08T16:07:04.075369', 'scraper': 'youtube', 'keywords': ['tjahaja', 'ahok', 'dki', 'gubernur', 'pilkada', 'menolak', 'basuki', 'rakyat', 'oleh', 'alias'], 'language': 'id'}",pemilihan gubernur oleh DPRD
x3CyxHF_L5M,Gerindra Dukung Usulan Kepala Daerah Dipilih DPRD,"Partai Gerindra menyatakan dukungan terhadap usulan pemilihan kepala daerah (mulai dari bupati, wali kota hingga gubernur ) ...",https://www.youtube.com/watch?v=x3CyxHF_L5M,UCm2Fz7aL464TC_0uG_yagng,kumparan,10 hari yang lalu,0,0,0,1.51,https://i.ytimg.com/vi/x3CyxHF_L5M/hq720_2.jpg?sqp=-oaymwE2CNAFEJQDSFXyq4qpAygIARUAAIhCGABwAcABBvABAfgBzgWAAoAKigIMCAAQARhyID4oMjAP&rs=AOn4CLAThvtyfDOgFDO8rTjyL60AYttLPg,video,"{'scraped_at': '2026-01-08T16:07:04.075369', 'scraper': 'youtube', 'keywords': ['terhadap', 'daerah', 'gerindra', 'usulan', 'dukung', 'dprd', 'dipilih', 'kepala', 'dukungan', 'wali'], 'language': 'id'}",pemilihan gubernur oleh DPRD
H8vkSn2s3rM,"Pilkada Dipilih DPRD?, Demokrasi Mundur atau Diperbaiki? beritasatu",Wacana perubahan mekanisme Pilkada dari pemilihan langsung oleh rakyat menjadi melalui DPRD kembali mengemuka dan ...,https://www.youtube.com/watch?v=H8vkSn2s3rM,UCqLsfkQSM0yfyGvONAGWd3Q,BeritaSatu,5 hari yang lalu,0,0,0,24.31,https://i.ytimg.com/vi/H8vkSn2s3rM/hqdefault.jpg?sqp=-oaymwE2COADEI4CSFXyq4qpAygIARUAAIhCGAFwAcABBvABAfgB_gmAAtAFigIMCAAQARgpICQofzAP&rs=AOn4CLDmrFajg7dBaEaupUnbs4VxkIFR-w,video,"{'scraped_at': '2026-01-08T16:07:04.076777', 'scraper': 'youtube', 'keywords': ['atau', 'mengemuka', 'demokrasi', 'pilkada', 'menjadi', 'pemilihan', 'dipilih', 'rakyat', 'beritasatu', 'oleh'], 'language': 'id'}",pemilihan gubernur oleh DPRD
w0zg5hF_Rzw,"DPR: Lebih dari 70% Masyarakat Memilih Gubernur, Bupati, dan Walkot Itu Karena Uang | tvOne","AKIM, - DPR: Lebih dari 70% Masyarakat Memilih Gubernur , Bupati, dan Walkot Itu Karena Uang ...",https://www.youtube.com/watch?v=w0zg5hF_Rzw,UCER4rvDnRBPr_ncYW4UCZjg,tvOneNews,3 hari yang lalu,0,0,0,16.45,https://i9.ytimg.com/vi/w0zg5hF_Rzw/hq720_custom_2.jpg?sqp=CKyr_8oG-oaymwEcCNAFEJQDSFXyq4qpAw4IARUAAIhCGAFwAcABBg==&rs=AOn4CLAZJ49j3qyB2Al3YqE9nJPYf1515w,video,"{'scraped_at': '2026-01-08T16:07:04.076777', 'scraper': 'youtube', 'keywords': ['https', 'tvone', 'memilih', 'dpr', 'com', 'tvonenews', 'lebih', 'www', 'gubernur', 'bupati'], 'language': 'id'}",pemilihan gubernur oleh DPRD
vXi7PM7VLO8,Pilkada oleh DPRD: Antara Efisiensi dan Legitimasi | Prime Plus Part 2,Wacana pengembalian mekanisme pemilihan kepala daerah kepada DPRD kembali mencuat dan memantik polemik dan ...,https://www.youtube.com/watch?v=vXi7PM7VLO8,UCKII0Ml9S5wneKbHswmUrIQ,CNN Indonesia,2 hari yang lalu,0,0,0,15.51,https://i.ytimg.com/vi/vXi7PM7VLO8/hq720.jpg?sqp=-oaymwE2CNAFEJQDSFXyq4qpAygIARUAAIhCGAFwAcABBvABAfgB_gmAAtAFigIMCAAQARhGIEsoZTAP&rs=AOn4CLA0tZHVNz35ffl75DUSv1TD0FnAaw,video,"{'scraped_at': '2026-01-08T16:07:04.076777', 'scraper': 'youtube', 'keywords': ['memantik', 'antara', 'pilkada', 'pemilihan', 'polemik', 'part', 'oleh', 'mencuat', 'plus', 'daerah'], 'language': 'id'}",pemilihan gubernur oleh DPRD
35O4A6jr0v0,PDIP Tetap Tolak Usulan Kepala Daerah Dipilih oleh DPRD meski Didukung Golkar hingga Gerindra,Download aplikasi berita TribunX di Play Store atau App Store untuk dapatkan pengalaman baru TRIBUN-VIDEO.COM - Usulan ...,https://www.youtube.com/watch?v=35O4A6jr0v0,UCmxAIW7RDDC88EPk4ry16Kg,Tribunnews,8 hari yang lalu,0,0,0,3.08,https://i.ytimg.com/vi/35O4A6jr0v0/hq720.jpg?sqp=-oaymwEcCNAFEJQDSFXyq4qpAw4IARUAAIhCGAFwAcABBg==&rs=AOn4CLAqOhHxJQgSz6U2ThDqqyUVLlY6EA,video,"{'scraped_at': '2026-01-08T16:07:04.076777', 'scraper': 'youtube', 'keywords': ['play', 'meski', 'tribun', 'atau', 'usulan', 'pdip', 'golkar', 'com', 'dipilih', 'oleh'], 'language': 'id'}",pemilihan gubernur oleh DPRD
a_dF4NV93UE,"Pilkada Lewat DPRD Dalam Genggaman Partai, Mayoritas Fraksi DPR Setuju?",Download aplikasi berita TribunX di Play Store atau App Store untuk dapatkan pengalaman baru. Wacana pemilihan kepala ...,https://www.youtube.com/watch?v=a_dF4NV93UE,UCr8WCDMH5PpPq6uUxHg5A7w,Tribun Kaltim Official,9 hari yang lalu,0,0,0,3.52,https://i.ytimg.com/vi/a_dF4NV93UE/hq720.jpg?sqp=-oaymwEcCNAFEJQDSFXyq4qpAw4IARUAAIhCGAFwAcABBg==&rs=AOn4CLBgLxkCL-6XIPO4biGF0HmiDJbVWA,video,"{'scraped_at': '2026-01-08T16:07:04.076777', 'scraper': 'youtube', 'keywords': ['play', 'atau', 'dpr', 'setuju', 'dalam', 'partai', 'pilkada', 'pemilihan', 'mayoritas', 'aplikasi'], 'language': 'id'}",pemilihan gubernur oleh DPRD
3mAAFyaAzdw,"PDIP Bakal Kaji Usulan agar Kepala Daerah Dipilih DPRD, Hasto: Cari yang Bawa Manfaat bagi Rakyat","“Saya katakan kemungkinan opsi alternatifnya adalah pemilihan gubernur oleh DPRD , sebab pemilihan di DPRD juga bagian ...",https://www.youtube.com/watch?v=3mAAFyaAzdw,UCmxAIW7RDDC88EPk4ry16Kg,Tribunnews,1 bulan yang lalu,0,0,0,2.51,https://i.ytimg.com/vi/3mAAFyaAzdw/hq720.jpg?sqp=-oaymwEcCNAFEJQDSFXyq4qpAw4IARUAAIhCGAFwAcABBg==&rs=AOn4CLAfD18trFCK8c6L5TsKTNkYLOBGPQ,video,"{'scraped_at': '2026-01-08T16:07:04.076777', 'scraper': 'youtube', 'keywords': ['usulan', 'pdip', 'bakal', 'gubernur', 'opsi', 'manfaat', 'bagi', 'pemilihan', 'dipilih', 'rakyat'], 'language': 'id'}",pemilihan gubernur oleh DPRD
FEql9uEE22Y,Pilkada oleh DPRD: Antara Efisiensi dan Legitimasi | Prime Plus,Wacana pengembalian mekanisme pemilihan kepala daerah kepada DPRD kembali mencuat dan memantik polemik dan ...,https://www.youtube.com/watch?v=FEql9uEE22Y,UCKII0Ml9S5wneKbHswmUrIQ,CNN Indonesia,Streaming 3 hari yang lalu,0,0,0,1.32.03,https://i.ytimg.com/vi/FEql9uEE22Y/hq720.jpg?sqp=-oaymwEcCNAFEJQDSFXyq4qpAw4IARUAAIhCGAFwAcABBg==&rs=AOn4CLCTxbiCJZrzjC10NY2xXXqYz0MSTg,video,"{'scraped_at': '2026-01-08T16:07:04.076777', 'scraper': 'youtube', 'keywords': ['memantik', 'antara', 'pilkada', 'pemilihan', 'polemik', 'oleh', 'mencuat', 'plus', 'daerah', 'kepala'], 'language': 'id'}",pemilihan gubernur oleh DPRD
U6IQ_WKb7VY,Arah Pilkada Berubah: Peta Politik DPR Tunjukkan Fraksi Pendukung DPRD Kian Dominan,Download aplikasi berita TribunX di Play Store atau App Store untuk dapatkan pengalaman baru TRIBUN-VIDEO.COM - Wacana ...,https://www.youtube.com/watch?v=U6IQ_WKb7VY,UCf_PlMzKoS5-w3BrFsojg5w,TribunnewsWIKI Official,9 hari yang lalu,0,0,0,1.18,https://i.ytimg.com/vi/U6IQ_WKb7VY/hq720.jpg?sqp=-oaymwEcCNAFEJQDSFXyq4qpAw4IARUAAIhCGAFwAcABBg==&rs=AOn4CLD2bIwfefWxRXaIWVqiQi422Tiduw,video,"{'scraped_at': '2026-01-08T16:07:04.076777', 'scraper': 'youtube', 'keywords': ['play', 'tribun', 'peta', 'pendukung', 'atau', 'dpr', 'arah', 'kian', 'pilkada', 'com'], 'language': 'id'}",pemilihan gubernur oleh DPRD
HX8VjLJzWkw,"Alasan Gerindra Dukung Kepala Daerah Dipilih DPRD, Singgung Ongkos Politik",Partai Gerindra menyatakan dukungannya terhadap usulan agar kepala daerah dipilih oleh Dewan Perwakilan Rakyat Daerah ...,https://www.youtube.com/watch?v=HX8VjLJzWkw,UCJpdpj9hNhaYBRGusGv7CjQ,Tribun Jateng,9 hari yang lalu,0,0,0,2.28,https://i.ytimg.com/vi/HX8VjLJzWkw/hq720.jpg?sqp=-oaymwEcCNAFEJQDSFXyq4qpAw4IARUAAIhCGAFwAcABBg==&rs=AOn4CLDPzXc222KfxQ4mOpHE3OtvYQflcw,video,"{'scraped_at': '2026-01-08T16:07:04.078071', 'scraper': 'youtube', 'keywords': ['terhadap', 'usulan', 'dukungannya', 'partai', 'ongkos', 'dipilih', 'rakyat', 'oleh', 'alasan', 'dewan'], 'language': 'id'}",pemilihan gubernur oleh DPRD
LeLLLpV_atM,Debat Seru Soal Ubah Pilkada Langsung Lewat DPRD,KOMPAS.TV - Sejumlah partai politik secara terbuka memberikan dukungan terhadap usulan agar pemilihan kepala daerah ...,https://www.youtube.com/watch?v=LeLLLpV_atM,UCypJ8Xhh-2bUfkT9KYoltmA,KOMPASTV JAWA TENGAH,6 hari yang lalu,0,0,0,24.32,https://i.ytimg.com/vi/LeLLLpV_atM/hq720.jpg?sqp=-oaymwEcCNAFEJQDSFXyq4qpAw4IARUAAIhCGAFwAcABBg==&rs=AOn4CLBzGk0NuupKDsw_uZ7n3xgE1t9j6A,video,"{'scraped_at': '2026-01-08T16:07:04.078071', 'scraper': 'youtube', 'keywords': ['terhadap', 'usulan', 'soal', 'ubah', 'partai', 'pilkada', 'pemilihan', 'kompas', 'memberikan', 'langsung'], 'language': 'id'}",pemilihan gubernur oleh DPRD
ZAEuYg3gymU,"Hampir Pasti Pemilihan Kepala Daerah Melalui DPRD Gol di Senayan, Berikut Peta Politik Terbaru",Download aplikasi berita TribunX di Play Store atau App Store untuk dapatkan pengalaman baru. Jika tak ada perubahan ...,https://www.youtube.com/watch?v=ZAEuYg3gymU,UCr8WCDMH5PpPq6uUxHg5A7w,Tribun Kaltim Official,1 hari yang lalu,0,0,0,6.52,https://i.ytimg.com/vi/ZAEuYg3gymU/hq720.jpg?sqp=-oaymwEcCNAFEJQDSFXyq4qpAw4IARUAAIhCGAFwAcABBg==&rs=AOn4CLAqe8oUd89hKLLbvZx96WLP2kX7rw,video,"{'scraped_at': '2026-01-08T16:07:04.078071', 'scraper': 'youtube', 'keywords': ['play', 'peta', 'atau', 'senayan', 'terbaru', 'ada', 'pemilihan', 'pasti', 'aplikasi', 'melalui'], 'language': 'id'}",pemilihan gubernur oleh DPRD
5AFz3tC2gBk,"Solusi Pilkada Melalui DPRD, PKS: Partai dan DPR Harus dengar Aspirasi Rakyat | AKIM tvOne","AKIM, - Solusi Pilkada Melalui DPRD , PKS: Partai dan DPR Harus dengar Aspirasi Rakyat | AKIM ...",https://www.youtube.com/watch?v=5AFz3tC2gBk,UCER4rvDnRBPr_ncYW4UCZjg,tvOneNews,3 hari yang lalu,0,0,0,12.06,https://i9.ytimg.com/vi/5AFz3tC2gBk/hq720_custom_1.jpg?sqp=CKyr_8oG-oaymwEcCNAFEJQDSFXyq4qpAw4IARUAAIhCGAFwAcABBg==&rs=AOn4CLCGrYh28T92wFZthz3TiFMqnrB5Rg,video,"{'scraped_at': '2026-01-08T16:07:04.078071', 'scraper': 'youtube', 'keywords': ['dengar', 'tvone', 'dprd', 'dpr', 'https', 'com', 'tvonenews', 'aspirasi', 'rakyat', 'www'], 'language': 'id'}",pemilihan gubernur oleh DPRD
LlRRMb8Ygvc,Wakil Gubernur Iowa tentang Hasil Pemilu Khusus | The Cities iowa politik amerika pemungutan ...,Jim berbicara dengan Letnan Gubernur Chris Cournoyer dari Iowa tentang hasil pemilihan khusus Iowa terkini.,https://www.youtube.com/watch?v=LlRRMb8Ygvc,UCmYu8l3qkQo7_Gd-PxvxObg,WQPT PBS,3 bulan yang lalu,0,0,0,1.10,https://i.ytimg.com/vi/LlRRMb8Ygvc/hq720_2.jpg?sqp=-oaymwE2CNAFEJQDSFXyq4qpAygIARUAAIhCGABwAcABBvABAfgBtgiAAoAPigIMCAAQARglICsofzAP&rs=AOn4CLDTH04d7yt7eb0SNf0a-JBaPWA2_Q,video,"{'scraped_at': '2026-01-08T16:07:04.078071', 'scraper': 'youtube', 'keywords': ['chris', 'cournoyer', 'pemilu', 'berbicara', 'terkini', 'pemilihan', 'jim', 'gubernur', 'politik', 'letnan'], 'language': 'id'}",pemilihan gubernur oleh DPRD
Rmhw_oUWd3o,"Hasil Pemilu Langsung di Virginia & Maryland | Gubernur, Pemilihan Lokal, Liputan Waktu Nyata | WUSA9","WUSA9 brings you live results, breaking updates, and analysis from Election Night 2025 in Virginia and Maryland. We're tracking ...",https://www.youtube.com/watch?v=Rmhw_oUWd3o,UCcT6w3xUyVshyR2_2vrMp1w,WUSA9,Streaming 2 bulan yang lalu,0,0,0,3.51.08,https://i.ytimg.com/vi/Rmhw_oUWd3o/hq720.jpg?sqp=-oaymwEcCNAFEJQDSFXyq4qpAw4IARUAAIhCGAFwAcABBg==&rs=AOn4CLAi-Jf9yDAaoztiiwOlwqGTPsCCYQ,video,"{'scraped_at': '2026-01-08T16:07:04.078071', 'scraper': 'youtube', 'keywords': ['liputan', 'lokal', 'wusa9', 'gubernur', 'election', 'breaking', 'pemilihan', 'live', 'updates', 'virginia'], 'language': 'id'}",pemilihan gubernur oleh DPRD
gwg1Jnc_JwQ,Pilkada oleh DPRD: Antara Efisiensi dan Legitimasi | Prime Plus Part 4,Wacana pengembalian mekanisme pemilihan kepala daerah kepada DPRD kembali mencuat dan memantik polemik dan ...,https://www.youtube.com/watch?v=gwg1Jnc_JwQ,UCKII0Ml9S5wneKbHswmUrIQ,CNN Indonesia,2 hari yang lalu,0,0,0,22.08,https://i.ytimg.com/vi/gwg1Jnc_JwQ/hq720.jpg?sqp=-oaymwE2CNAFEJQDSFXyq4qpAygIARUAAIhCGAFwAcABBvABAfgB_gmAAtAFigIMCAAQARhHID4ofzAP&rs=AOn4CLBXM6FXQE0bTxjAQ39RNaIkUbDMIw,video,"{'scraped_at': '2026-01-08T16:12:24.899722', 'scraper': 'youtube', 'keywords': ['memantik', 'antara', 'pilkada', 'pemilihan', 'polemik', 'part', 'oleh', 'mencuat', 'plus', 'daerah'], 'language': 'id'}",pilkada DPRD
KC3Fjj-Bdv8,"Ray Rangkuti Sindir Perubahan Sikap Demokrat Kini Dukung Pilkada Lewat DPRD, ini Respon Jubir Partai","KOMPAS.TV - Setelah Golkar, Gerindra, PAN, dan PKB menyatakan sikap mendukung pilkada diubah lewat DPRD , kini giliran ...",https://www.youtube.com/watch?v=KC3Fjj-Bdv8,UC5BMIWZe9isJXLZZWPWvBlg,KOMPASTV,2 hari yang lalu,0,0,0,12.56,https://i.ytimg.com/vi/KC3Fjj-Bdv8/hq720.jpg?sqp=-oaymwEcCNAFEJQDSFXyq4qpAw4IARUAAIhCGAFwAcABBg==&rs=AOn4CLCf2aOlv1bc7qzXMzVglu3hpf_ikA,video,"{'scraped_at': '2026-01-08T16:12:24.899722', 'scraper': 'youtube', 'keywords': ['jubir', 'golkar', 'partai', 'pilkada', 'kompas', 'mendukung', 'pan', 'gerindra', 'setelah', 'diubah'], 'language': 'id'}",pilkada DPRD
5CWkcegegPw,"Keras! PDIP Tolak Wacana Pilkada Lewat DPRD: 'Money Politik' Karena Pembiaran, Hukum Tak Ditegakkan",KOMPAS.TV - Dukungan terhadap wacana pilkada melalui DPRD kian bertambah. Demokrat yang sebelumnya menolak kini ...,https://www.youtube.com/watch?v=5CWkcegegPw,UC5BMIWZe9isJXLZZWPWvBlg,KOMPASTV,1 hari yang lalu,0,0,0,23.20,https://i.ytimg.com/vi/5CWkcegegPw/hq720.jpg?sqp=-oaymwEcCNAFEJQDSFXyq4qpAw4IARUAAIhCGAFwAcABBg==&rs=AOn4CLD8Wjr31SsqGPNOETuVIjCcQk_Daw,video,"{'scraped_at': '2026-01-08T16:12:24.899722', 'scraper': 'youtube', 'keywords': ['terhadap', 'pdip', 'sebelumnya', 'kian', 'pilkada', 'menolak', 'pembiaran', 'melalui', 'kompas', 'tak'], 'language': 'id'}",pilkada DPRD
Q3cC15hc_qo,PERINGATAN MAHFUD MD! Pilkada Dipilih DPRD Bisa Picu Ketegangan Politik!,Download aplikasi berita TribunX di Play Store atau App Store untuk dapatkan pengalaman baru TRIBUN-VIDEO.COM - Mahfud ...,https://www.youtube.com/watch?v=Q3cC15hc_qo,UC2psIAWlbSR1S4TanUTeeIw,Tribun Papua,4 hari yang lalu,0,0,0,0.06,https://i.ytimg.com/vi/Q3cC15hc_qo/hq720_2.jpg?sqp=-oaymwE2CNAFEJQDSFXyq4qpAygIARUAAIhCGABwAcABBvABAfgBtgiAAoAPigIMCAAQARh_ICIoMDAP&rs=AOn4CLBruJP9vHeiU_v1ktOmqA9pZ5nRqQ,video,"{'scraped_at': '2026-01-08T16:12:24.900728', 'scraper': 'youtube', 'keywords': ['play', 'tribun', 'mahfud', 'atau', 'peringatan', 'pilkada', 'com', 'dipilih', 'bisa', 'aplikasi'], 'language': 'id'}",pilkada DPRD
JNXy0MBq584,"Koalisi Pemerintahan Setuju, PDIP Tolak Pilkada Lewat DPRD Karena Nilai Upaya Langgengkan Kekuasaan",KOMPAS.TV - Kini Demokrat menyatakan akan sejalan dengan Presiden Prabowo Subianto terkait wacana perubahan sistem ...,https://www.youtube.com/watch?v=JNXy0MBq584,UC5BMIWZe9isJXLZZWPWvBlg,KOMPASTV,20 jam yang lalu,0,0,0,4.38,https://i.ytimg.com/vi/JNXy0MBq584/hq720.jpg?sqp=-oaymwEcCNAFEJQDSFXyq4qpAw4IARUAAIhCGAFwAcABBg==&rs=AOn4CLCsocUtsmHiAoO35TwqV4xu-MdyBA,video,"{'scraped_at': '2026-01-08T16:12:24.900728', 'scraper': 'youtube', 'keywords': ['setuju', 'pdip', 'pilkada', 'kekuasaan', 'koalisi', 'pemerintahan', 'sistem', 'kompas', 'upaya', 'karena'], 'language': 'id'}",pilkada DPRD
wgjMVBAbwZ0,Ray Rangkuti Sindir Perubahan Sikap Demokrat Kini Dukung Pilkada Lewat DPRD,"demokrat # pilkada # dprd KOMPAS.TV - Setelah Golkar, Gerindra, PAN, dan PKB menyatakan sikap mendukung pilkada diubah ...",https://www.youtube.com/watch?v=wgjMVBAbwZ0,UCOGQiOcIbzI74qTZ1AQt9VQ,KOMPASTV PALU,1 hari yang lalu,0,0,0,12.56,https://i.ytimg.com/vi/wgjMVBAbwZ0/hq720.jpg?sqp=-oaymwE2CNAFEJQDSFXyq4qpAygIARUAAIhCGAFwAcABBvABAfgB_gmAAtAFigIMCAAQARhlIFEoTzAP&rs=AOn4CLCaFBkSGBMwEd_6tQ1FAlggQxkPHg,video,"{'scraped_at': '2026-01-08T16:12:24.900728', 'scraper': 'youtube', 'keywords': ['golkar', 'pilkada', 'kompas', 'mendukung', 'pan', 'gerindra', 'setelah', 'diubah', 'sindir', 'perubahan'], 'language': 'id'}",pilkada DPRD
snl4ozsk5DQ,"Partai Demokrat Berbalik Dukung Pilkada Lewat DPRD, Akankah Berdampak pada Pemilu 2029?",Partai Demokrat akhirnya menyatakan dukungan terhadap wacana pemilihan kepala daerah atau pilkada melalui DPRD .,https://www.youtube.com/watch?v=snl4ozsk5DQ,UCovqoUzPm9_s6mMt9OiWKpA,Harian Kompas,1 hari yang lalu,0,0,0,5.01,https://i.ytimg.com/vi/snl4ozsk5DQ/hq720.jpg?sqp=-oaymwEcCNAFEJQDSFXyq4qpAw4IARUAAIhCGAFwAcABBg==&rs=AOn4CLBup8Xrk9gl4AobTLtwIe_CTEV52A,video,"{'scraped_at': '2026-01-08T16:12:24.901727', 'scraper': 'youtube', 'keywords': ['terhadap', 'atau', 'menyatakan', 'berdampak', 'partai', 'pilkada', 'pemilihan', 'pemilu', 'melalui', 'berbalik'], 'language': 'id'}",pilkada DPRD
cu5crJN1ymA,Yusril Akui Wacana Pilkada Lewat DPRD Mulai Berkembang,"KONTAN - Wacana mengenai pemilihan kepala daerah atau Pilkada kembali mengemuka, kali ini ...",https://www.youtube.com/watch?v=cu5crJN1ymA,UC7H-czpqOvWWtWeYc_Sfsxw,KONTAN TV,10 jam yang lalu,0,0,0,2.48,https://i.ytimg.com/vi/cu5crJN1ymA/hq720.jpg?sqp=-oaymwEcCNAFEJQDSFXyq4qpAw4IARUAAIhCGAFwAcABBg==&rs=AOn4CLB0NBgFLCwqf2TJghPji_zKjcrQlA,video,"{'scraped_at': '2026-01-08T16:12:24.901727', 'scraper': 'youtube', 'keywords': ['atau', 'akui', 'mengemuka', 'yusril', 'pilkada', 'pemilihan', 'daerah', 'kepala', 'kembali', 'mulai'], 'language': 'id'}",pilkada DPRD
0GKHzq7xcDQ,"PDIP Tegas Tolak Pilkada Dipilih DPRD, Andreas Pareira: Jangan Ambil Hak Rakyat! | MERAH PUTIH","- PDIP Tegas Tolak Pilkada Dipilih DPRD , Andreas Pareira: Jangan Ambil Hak Rakyat! | MERAH PUTIH ...",https://www.youtube.com/watch?v=0GKHzq7xcDQ,UCAMpZJJNQPZ6q7ZYKJV1igQ,Nusantara TV,23 jam yang lalu,0,0,0,17.09,https://i.ytimg.com/vi/0GKHzq7xcDQ/hq720.jpg?sqp=-oaymwEcCNAFEJQDSFXyq4qpAw4IARUAAIhCGAFwAcABBg==&rs=AOn4CLCv7FlCf0bbUtJ7a7KtYmDW_zvWaA,video,"{'scraped_at': '2026-01-08T16:12:24.901727', 'scraper': 'youtube', 'keywords': ['hak', 'andreas', 'https', 'dprd', 'pdip', 'com', 'dipilih', 'rakyat', 'putih', 'ambil'], 'language': 'id'}",pilkada DPRD
V1VXjRSYdBw,[FULL] Sarmuji Golkar Vs Andreas Hugo Pereira PDIP Adu Argumen soal Pilkada Lewat DPRD | SAPA PAGI,"JAKARTA, KOMPAS.TV - Usulan pilkada lewat DPRD terus bergulir. Partai koalisi pemerintahan seperti Gerindra dan PAN ...",https://www.youtube.com/watch?v=V1VXjRSYdBw,UC5BMIWZe9isJXLZZWPWvBlg,KOMPASTV,3 hari yang lalu,0,0,0,28.59,https://i.ytimg.com/vi/V1VXjRSYdBw/hq720.jpg?sqp=-oaymwEcCNAFEJQDSFXyq4qpAw4IARUAAIhCGAFwAcABBg==&rs=AOn4CLA5vtgOnVeVfeXC7Ccg__2z_luDYA,video,"{'scraped_at': '2026-01-08T16:12:24.902734', 'scraper': 'youtube', 'keywords': ['hugo', 'pdip', 'usulan', 'soal', 'full', 'golkar', 'partai', 'pilkada', 'andreas', 'sapa'], 'language': 'id'}",pilkada DPRD
q_tqv_siu0M,"PDIP Keras! Tolak Pilkada Lewat DPRD, Dinilai Bahaya Demokrasi",KOMPAS.TV - Dukungan terhadap wacana pilkada melalui DPRD kian bertambah. Demokrat yang sebelumnya menolak kini ...,https://www.youtube.com/watch?v=q_tqv_siu0M,UCYNpIdSp5xvvQzgOHtw2RAw,KOMPASTV JAWA TIMUR,16 jam yang lalu,0,0,0,23.20,https://i.ytimg.com/vi/q_tqv_siu0M/hq720.jpg?sqp=-oaymwEcCNAFEJQDSFXyq4qpAw4IARUAAIhCGAFwAcABBg==&rs=AOn4CLC9L8LeghhQGImEX-iOZLqWx4neBg,video,"{'scraped_at': '2026-01-08T16:12:24.902734', 'scraper': 'youtube', 'keywords': ['terhadap', 'pdip', 'bahaya', 'kian', 'demokrasi', 'pilkada', 'menolak', 'melalui', 'kompas', 'keras'], 'language': 'id'}",pilkada DPRD
NPXVX4U1mwU,PDIP Tolak Wacana Pilkada Lewat DPRD: Kebiri Terhadap Hak Politik Rakyat,"JAKARTA, KOMPAS.TV PDI Perjuangan menolak wacana pemilihan kepala daerah melalui Dewan Perwakilan Rakyat Daerah ...",https://www.youtube.com/watch?v=NPXVX4U1mwU,UC5BMIWZe9isJXLZZWPWvBlg,KOMPASTV,6 hari yang lalu,0,0,0,2.28,https://i.ytimg.com/vi/NPXVX4U1mwU/hq720.jpg?sqp=-oaymwEcCNAFEJQDSFXyq4qpAw4IARUAAIhCGAFwAcABBg==&rs=AOn4CLDLvPwYk2vdCq8VyaLINlaNxLoSmw,video,"{'scraped_at': '2026-01-08T16:12:24.903738', 'scraper': 'youtube', 'keywords': ['terhadap', 'pdip', 'perjuangan', 'kebiri', 'pilkada', 'menolak', 'pemilihan', 'rakyat', 'melalui', 'kompas'], 'language': 'id'}",pilkada DPRD
-6a73KQqtRk,Pilkada DPRD & AHY 2029: Ada Kesepakatan Politik di Balik Laya,,https://www.youtube.com/watch?v=-6a73KQqtRk,UCAU93CyyH8GQEnO1kHUG3vA,Politik Receh,9 jam yang lalu,0,0,0,0.07,https://i.ytimg.com/vi/-6a73KQqtRk/hq720_2.jpg?sqp=-oaymwE2CNAFEJQDSFXyq4qpAygIARUAAIhCGABwAcABBvABAfgBtgiAAoAPigIMCAAQARgdIBMofzAP&rs=AOn4CLBVnmWBwST5VOXW1WLv-P6e2OGOEA,video,"{'scraped_at': '2026-01-08T16:12:24.903738', 'scraper': 'youtube', 'keywords': ['dprd', 'laya', 'ahy', '2029', 'politik', 'ada', 'kesepakatan', 'pilkada', 'balik'], 'language': 'id'}",pilkada DPRD
Rs7GnTRSMlQ,"🔵 PDIP TOLAK PILKADA DPRD! DEMOKRAT BERBEDA SIKAP, DEMOKRASI TERANCAM?",Wacana pemilihan kepala daerah melalui DPRD kembali memicu perdebatan tajam di kalangan elite politik nasional. Sejumlah ...,https://www.youtube.com/watch?v=Rs7GnTRSMlQ,UCDxjhss7qTdHYLMchzmRn3w,Tribun Singkawang,Streaming 7 jam yang lalu,0,0,0,1.12.50,https://i.ytimg.com/vi/Rs7GnTRSMlQ/hq720.jpg?sqp=-oaymwEcCNAFEJQDSFXyq4qpAw4IARUAAIhCGAFwAcABBg==&rs=AOn4CLDJVBUFb2PO0SUSZLCX0bww-m4V3g,video,"{'scraped_at': '2026-01-08T16:12:24.903738', 'scraper': 'youtube', 'keywords': ['pdip', 'demokrasi', 'terancam', 'pilkada', 'pemilihan', 'perdebatan', 'melalui', 'kalangan', 'tajam', 'daerah'], 'language': 'id'}",pilkada DPRD
eNhe8rnwzm8,"Saat Koalisi Pemerintahan Setuju Pilkada Lewat DPRD, PDIP Tolak-Nilai Upaya Langgengkan Kekuasaan",KOMPAS.TV - Kini Demokrat menyatakan akan sejalan dengan Presiden Prabowo Subianto terkait wacana perubahan sistem ...,https://www.youtube.com/watch?v=eNhe8rnwzm8,UCJsvXpOXUoc_0-hjwbMUzNA,Kompas TV Medan,11 jam yang lalu,0,0,0,4.38,https://i.ytimg.com/vi/eNhe8rnwzm8/hq720.jpg?sqp=-oaymwEcCNAFEJQDSFXyq4qpAw4IARUAAIhCGAFwAcABBg==&rs=AOn4CLDdv50A5xY_78EUlGlvwplzh3X_FQ,video,"{'scraped_at': '2026-01-08T16:12:24.903738', 'scraper': 'youtube', 'keywords': ['setuju', 'pdip', 'pilkada', 'kekuasaan', 'koalisi', 'pemerintahan', 'sistem', 'kompas', 'upaya', 'subianto'], 'language': 'id'}",pilkada DPRD
peM_XgBvWwM,Gubernur Dipilih DPRD Lagi? Ini Analisis dari Dua Sisi! 🚨,Apakah sistem pemilihan gubernur oleh DPRD masih relevan di era demokrasi saat ini? Video ini membahas secara mendalam ...,https://www.youtube.com/watch?v=peM_XgBvWwM,UCtwskwIP1U80GcScd7T7_3w,Ahmad Doli Kurnia Tandjung,10 bulan yang lalu,0,0,0,2.20,https://i.ytimg.com/vi/peM_XgBvWwM/hq720.jpg?sqp=-oaymwEcCNAFEJQDSFXyq4qpAw4IARUAAIhCGAFwAcABBg==&rs=AOn4CLCujOJwX0Sjc3IJnMyv8s7MjkIsrw,video,"{'scraped_at': '2026-01-08T16:17:16.261108', 'scraper': 'youtube', 'keywords': ['sisi', 'gubernur', 'demokrasi', 'pemilihan', 'mendalam', 'dipilih', 'sistem', 'oleh', 'masih', 'apakah'], 'language': 'id'}",gubernur dipilih DPRD
StenEJhAgXI,"Usul Gubernur Dipilih DPRD Khianati Reformasi, Buat Gap Pemerintah Pusat-Daerah","Pakar hukum tata negara Universitas Andalas, Feri Amsari, menanggapi usulan agar gubernur kembali dipilih oleh DPRD seperti ...",https://www.youtube.com/watch?v=StenEJhAgXI,UCm2Fz7aL464TC_0uG_yagng,kumparan,1 tahun yang lalu,0,0,0,0.30,https://i.ytimg.com/vi/StenEJhAgXI/hq720_2.jpg?sqp=-oaymwE2CNAFEJQDSFXyq4qpAygIARUAAIhCGABwAcABBvABAfgBzgWAAoAKigIMCAAQARhlIF8oVzAP&rs=AOn4CLB4ZO0Kz1wUkzdqCuDwUwECblhZdQ,video,"{'scraped_at': '2026-01-08T16:17:16.261108', 'scraper': 'youtube', 'keywords': ['usulan', 'gubernur', 'pemerintah', 'feri', 'reformasi', 'amsari', 'buat', 'tata', 'dipilih', 'pusat'], 'language': 'id'}",gubernur dipilih DPRD
n1CnbPG2aLY,"Soal Wacana Gubernur Dipilih DPRD, Riza Patria Setuju: Anggaran Pilkada Bisa Dialokasikan",Politikus Partai Gerindra Ahmad Riza Patria menyetujui wacana untuk mengembalikan pemilihan kepala daerah lewat Dewan ...,https://www.youtube.com/watch?v=n1CnbPG2aLY,UCHc8PjWfjZUFVmPQeLcFT2g,Okezone,1 tahun yang lalu,0,0,0,16.26,https://i.ytimg.com/vi/n1CnbPG2aLY/hq720.jpg?sqp=-oaymwEcCNAFEJQDSFXyq4qpAw4IARUAAIhCGAFwAcABBg==&rs=AOn4CLD-oYKvQbpotgXW-oF-yaYH7b_36w,video,"{'scraped_at': '2026-01-08T16:17:16.261108', 'scraper': 'youtube', 'keywords': ['riza', 'setuju', 'soal', 'gubernur', 'partai', 'pilkada', 'pemilihan', 'dipilih', 'dialokasikan', 'bisa'], 'language': 'id'}",gubernur dipilih DPRD
5qlFKOrXt64,"[FULL] PDIP, Gerindra dan Analis Politik Angkat Bicara Soal Ubah Pilkada Langsung Lewat DPRD",KOMPAS.TV - Sejumlah partai politik secara terbuka memberikan dukungan terhadap usulan agar pemilihan kepala daerah ...,https://www.youtube.com/watch?v=5qlFKOrXt64,UC5BMIWZe9isJXLZZWPWvBlg,KOMPASTV,7 hari yang lalu,0,0,0,24.32,https://i.ytimg.com/vi/5qlFKOrXt64/hq720.jpg?sqp=-oaymwEcCNAFEJQDSFXyq4qpAw4IARUAAIhCGAFwAcABBg==&rs=AOn4CLCui1wt0GgQF1DJUENXjfOxwGpxHA,video,"{'scraped_at': '2026-01-08T16:17:16.261108', 'scraper': 'youtube', 'keywords': ['terhadap', 'usulan', 'pdip', 'analis', 'soal', 'full', 'ubah', 'partai', 'pilkada', 'pemilihan'], 'language': 'id'}",gubernur dipilih DPRD
7pWPnba30ZQ,Wacana Kepala Daerah Dipilih DPRD - [Primetime News],"MetroTV, Presiden Prabowo melempar wacana Kepala Daerah kembali dipilih oleh DPRD . politik # DPRD kepaladaerah ...",https://www.youtube.com/watch?v=7pWPnba30ZQ,UCzl0OrB3-ehunyotIQvK77A,METRO TV,1 tahun yang lalu,0,0,0,6.07,https://i.ytimg.com/vi/7pWPnba30ZQ/hqdefault.jpg?sqp=-oaymwEcCOADEI4CSFXyq4qpAw4IARUAAIhCGAFwAcABBg==&rs=AOn4CLChoTyTYIDixrkWiZZrKnICq3Acaw,video,"{'scraped_at': '2026-01-08T16:17:16.262116', 'scraper': 'youtube', 'keywords': ['presiden', 'daerah', 'dprd', 'news', 'kepaladaerah', 'dipilih', 'kepala', 'metrotv', 'oleh', 'politik'], 'language': 'id'}",gubernur dipilih DPRD
dxXWygaS9SQ,Wacana Kepala Daerah Dipilih DPRD Kembali Mecuat! - [Primetime News],"MetroTV, Wacana Kepala Daerah Dipilih DPRD Kembali Mecuat, Bahlil Ungkap Masih Dalam Pengkajian. bahlil prabowo ...",https://www.youtube.com/watch?v=dxXWygaS9SQ,UCzl0OrB3-ehunyotIQvK77A,METRO TV,1 tahun yang lalu,0,0,0,3.44,https://i.ytimg.com/vi/dxXWygaS9SQ/hqdefault.jpg?sqp=-oaymwEcCOADEI4CSFXyq4qpAw4IARUAAIhCGAFwAcABBg==&rs=AOn4CLC84BVceHzjZqg5ORrHsGx7GC3pcg,video,"{'scraped_at': '2026-01-08T16:17:16.262622', 'scraper': 'youtube', 'keywords': ['daerah', 'dprd', 'news', 'dipilih', 'kepala', 'ungkap', 'metrotv', 'kembali', 'pengkajian', 'bahlil'], 'language': 'id'}",gubernur dipilih DPRD
qdgSFFKvJcE,PDIP Usul Gubernur Dipilih DPRD Bukan Dihapus,"VIDEO: PDIP Usul Gubernur Dipilih DPRD Bukan Dihapus Ketua DPP PDI Perjuangan, Said Abdullah, merespons usulan Ketua ...",https://www.youtube.com/watch?v=qdgSFFKvJcE,UCKII0Ml9S5wneKbHswmUrIQ,CNN Indonesia,2 tahun yang lalu,0,0,0,2.33,https://i.ytimg.com/vi/qdgSFFKvJcE/hq720.jpg?sqp=-oaymwEcCNAFEJQDSFXyq4qpAw4IARUAAIhCGAFwAcABBg==&rs=AOn4CLDSTXHkGsdLV61od7CsGEFXvUl24g,video,"{'scraped_at': '2026-01-08T16:17:16.263700', 'scraper': 'youtube', 'keywords': ['dprd', 'pdip', 'video', 'dipilih', 'perjuangan', 'usulan', 'dihapus', 'gubernur', 'merespons', 'abdullah'], 'language': 'id'}",gubernur dipilih DPRD
VVeOra8G6Ug,Kepala daerah dipilih DPRD?,"Yaa bener sih bikin ongkos pemilu berkurang, tapi kan dampak negatif lainnya muncul juga......",https://www.youtube.com/watch?v=VVeOra8G6Ug,UCH6hfgLsafYG_twqJnkhWDg,Fariz Gamal,2 hari yang lalu,0,0,0,2.59,https://i.ytimg.com/vi/VVeOra8G6Ug/hq720.jpg?sqp=-oaymwE2CNAFEJQDSFXyq4qpAygIARUAAIhCGABwAcABBvABAfgBtgiAAoAPigIMCAAQARg0IGUoZTAP&rs=AOn4CLDOfp1mwQOSXL6xFj7hmR0rWmwe-Q,video,"{'scraped_at': '2026-01-08T16:17:16.263700', 'scraper': 'youtube', 'keywords': ['tapi', 'daerah', 'ongkos', 'dprd', 'yaa', 'pemilu', 'dipilih', 'kepala', 'dampak', 'lainnya'], 'language': 'id'}",gubernur dipilih DPRD
6Da-RhNElfM,BUPATI & GUBERNUR Dipilih DPRD?,rismonsianipar gibran jokowidodo roysuryo rokygerung ijasahpalsu prabowosubianto anisbaswedan jokowipresidenku ...,https://www.youtube.com/watch?v=6Da-RhNElfM,UCj0hIQUjUtRuuMPEbeYKdWg,Goes Waes,6 hari yang lalu,0,0,0,8.50,https://i.ytimg.com/vi/6Da-RhNElfM/hqdefault.jpg?sqp=-oaymwE2COADEI4CSFXyq4qpAygIARUAAIhCGAFwAcABBvABAfgBxgWAAuADigIMCAAQARhlIEgoPjAP&rs=AOn4CLDC0EWL9tLMmEfY2rfN5qHFAleNvA,video,"{'scraped_at': '2026-01-08T16:17:16.263700', 'scraper': 'youtube', 'keywords': ['jokowidodo', 'anisbaswedan', 'ijasahpalsu', 'dprd', 'rismonsianipar', 'prabowosubianto', 'dipilih', 'gibran', 'bupati', 'gubernur'], 'language': 'id'}",gubernur dipilih DPRD
64_Sl3YcTDU,"Pilkada Mahal, Kepala Daerah Dipilih DPRD? | Kabar Siang tvOne","Kabar Siang, - Pilkada Mahal, Kepala Daerah Dipilih DPRD ? | Kabar Siang tvOne Presiden RI ...",https://www.youtube.com/watch?v=64_Sl3YcTDU,UCER4rvDnRBPr_ncYW4UCZjg,tvOneNews,1 tahun yang lalu,0,0,0,7.40,https://i.ytimg.com/vi/64_Sl3YcTDU/hq720.jpg?sqp=-oaymwEcCNAFEJQDSFXyq4qpAw4IARUAAIhCGAFwAcABBg==&rs=AOn4CLAQEi0hrAzsre_-3RzUJOhuyJZutA,video,"{'scraped_at': '2026-01-08T16:17:16.264855', 'scraper': 'youtube', 'keywords': ['presiden', 'daerah', 'tvone', 'dprd', 'https', 'kabar', 'dipilih', 'kepala', 'tvonenews', 'com'], 'language': 'id'}",gubernur dipilih DPRD
4IOKkqM16hw,"Gerindra Dukung Kepala Daerah Dipilih DPRD, Sugiono: Anggaran Pilkada untuk yang Lebih Produktif","Partai Gerindra menyatakan dukungan terhadap usulan agar kepala daerah dipilih oleh DPRD , baik di tingkat bupati/wali kota ...",https://www.youtube.com/watch?v=4IOKkqM16hw,UCoSkllfpgmFHtbVK835QaQg,Official iNews,9 hari yang lalu,0,0,0,1.42,https://i.ytimg.com/vi/4IOKkqM16hw/hq720_2.jpg?sqp=-oaymwE2CNAFEJQDSFXyq4qpAygIARUAAIhCGABwAcABBvABAfgBtgiAAoAPigIMCAAQARhlIEsoQzAP&rs=AOn4CLCJfN2796oSeSTKJ1D0WzYtsQSWIQ,video,"{'scraped_at': '2026-01-08T16:17:16.264855', 'scraper': 'youtube', 'keywords': ['terhadap', 'usulan', 'wali', 'partai', 'pilkada', 'dipilih', 'tingkat', 'lebih', 'oleh', 'baik'], 'language': 'id'}",gubernur dipilih DPRD
B4LMatToQT4,Pengamat Tanggapi Wacana Kepala Daerah Dipilih DPRD: Nanti Gak Ada Orang Kayak Jokowi dan Anies,Download aplikasi berita TribunX di Play Store atau App Store untuk dapatkan pengalaman baru TRIBUN-VIDEO.COM- Direktur ...,https://www.youtube.com/watch?v=B4LMatToQT4,UCmxAIW7RDDC88EPk4ry16Kg,Tribunnews,11 jam yang lalu,0,0,0,2.12,https://i.ytimg.com/vi/B4LMatToQT4/hq720.jpg?sqp=-oaymwEcCNAFEJQDSFXyq4qpAw4IARUAAIhCGAFwAcABBg==&rs=AOn4CLCPkOAP3k7SYChYQo3ltaaoPt8gYg,video,"{'scraped_at': '2026-01-08T16:17:16.264855', 'scraper': 'youtube', 'keywords': ['play', 'tribun', 'gak', 'atau', 'ada', 'direktur', 'jokowi', 'com', 'dipilih', 'anies'], 'language': 'id'}",gubernur dipilih DPRD
_oeVU76YVU0,"Pancing Polemik Politik, Bahlil Usulkan Kepala Daerah Dipilih DPRD ke Prabowo",Ketua Umum Partai Golkar Bahlil Lahadalia mengusulkan agar pemilihan kepala daerah (pilkada) dipilih oleh DPRD pada saat ...,https://www.youtube.com/watch?v=_oeVU76YVU0,UCJpdpj9hNhaYBRGusGv7CjQ,Tribun Jateng,1 bulan yang lalu,0,0,0,2.49,https://i.ytimg.com/vi/_oeVU76YVU0/hq720.jpg?sqp=-oaymwEcCNAFEJQDSFXyq4qpAw4IARUAAIhCGAFwAcABBg==&rs=AOn4CLAlrD-PG7gnbh4mAwuePETzgVL5Aw,video,"{'scraped_at': '2026-01-08T16:17:16.264855', 'scraper': 'youtube', 'keywords': ['mengusulkan', 'golkar', 'partai', 'ketua', 'pilkada', 'pemilihan', 'pancing', 'polemik', 'dipilih', 'umum'], 'language': 'id'}",gubernur dipilih DPRD
EwGZ_xBNWCE,"Wacana Kepala Daerah Dipilih DPRD Mencuat Lagi, Bagaimana Riwayatnya?",Wacana pemilihan kepala daerah (Pilkada) dilakukan oleh Dewan Perwakilan Rakyat Daerah ( DPRD ) kembali mencuat di HUT ...,https://www.youtube.com/watch?v=EwGZ_xBNWCE,UCovqoUzPm9_s6mMt9OiWKpA,Harian Kompas,1 bulan yang lalu,0,0,0,4.11,https://i.ytimg.com/vi/EwGZ_xBNWCE/hq720.jpg?sqp=-oaymwEcCNAFEJQDSFXyq4qpAw4IARUAAIhCGAFwAcABBg==&rs=AOn4CLBXyUFBj1SMJgdlAuO_Nmq7FngZsg,video,"{'scraped_at': '2026-01-08T16:22:16.069383', 'scraper': 'youtube', 'keywords': ['daerah', 'dprd', 'bagaimana', 'dewan', 'dipilih', 'kepala', 'rakyat', 'pemilihan', 'oleh', 'mencuat'], 'language': 'id'}",pemilihan kepala daerah DPRD
7CQcSkrO15w,"Beda Pendapat Bivitri Susanti,Komisi II DPR F PKB soal Kepala Daerah Dipilih DPRD",KOMPAS TV Sejumlah partai politik secara terbuka mendukung usulan pemilihan kepala daerah dilakukan melalui DPRD .,https://www.youtube.com/watch?v=7CQcSkrO15w,UCy4fLUWnyddMCJfiXxtQ51w,KOMPASTV LAMPUNG,6 hari yang lalu,0,0,0,20.39,https://i.ytimg.com/vi/7CQcSkrO15w/hq720.jpg?sqp=-oaymwEcCNAFEJQDSFXyq4qpAw4IARUAAIhCGAFwAcABBg==&rs=AOn4CLBmQB2tfTvt2Zbbvq0Pp1UBv_AFdw,video,"{'scraped_at': '2026-01-08T16:22:16.069383', 'scraper': 'youtube', 'keywords': ['usulan', 'dpr', 'soal', 'susanti', 'partai', 'pemilihan', 'dipilih', 'pendapat', 'melalui', 'kompas'], 'language': 'id'}",pemilihan kepala daerah DPRD
BU9-JLtWNIs,Hampir Pasti Pemilihan Kepala Daerah Melalui DPRD Sah di Senayan!,"Jika tak ada perubahan mendadak, hampir pasti usul pemilihan kepala daerah atau pilkada melalui DPRD akan terwujud. Kepala ...",https://www.youtube.com/watch?v=BU9-JLtWNIs,UCfI9Bk6ZfNXZ2mg3QZoF5Lw,Tribun Jambi,1 hari yang lalu,0,0,0,1.39,https://i.ytimg.com/vi/BU9-JLtWNIs/hq720.jpg?sqp=-oaymwEcCNAFEJQDSFXyq4qpAw4IARUAAIhCGAFwAcABBg==&rs=AOn4CLClMHLx1SMoBGpruYYGMXQR-t8F4g,video,"{'scraped_at': '2026-01-08T16:22:16.069383', 'scraper': 'youtube', 'keywords': ['atau', 'senayan', 'ada', 'pilkada', 'pemilihan', 'pasti', 'mendadak', 'melalui', 'jika', 'tak'], 'language': 'id'}",pemilihan kepala daerah DPRD
rXkXG4UK-eY,"Mahfud MD Tegas Tolak Wacana Kepala Daerah Dipilih oleh DPRD, Desak Segera Revisi UU","Mahfud MD Tegas Tolak Wacana Kepala Daerah Dipilih oleh DPRD , Desak Segera Revisi UU Program: Kabar Internasional ...",https://www.youtube.com/watch?v=rXkXG4UK-eY,UCfI9Bk6ZfNXZ2mg3QZoF5Lw,Tribun Jambi,4 hari yang lalu,0,0,0,1.29,https://i.ytimg.com/vi/rXkXG4UK-eY/hq720.jpg?sqp=-oaymwEcCNAFEJQDSFXyq4qpAw4IARUAAIhCGAFwAcABBg==&rs=AOn4CLBmSO0ZYM3Q85CcYdwar8ufhKZi3w,video,"{'scraped_at': '2026-01-08T16:22:16.070873', 'scraper': 'youtube', 'keywords': ['revisi', 'mahfud', 'daerah', 'dprd', 'internasional', 'kabar', 'dipilih', 'kepala', 'wacana', 'desak'], 'language': 'id'}",pemilihan kepala daerah DPRD
WYwxIonpoZE,"Alasan Mahfud MD Tegas Tolak Wacana Kepala Daerah Dipilih oleh DPRD, Desak Segera Revisi UU",Download aplikasi berita TribunX di Play Store atau App Store untuk dapatkan pengalaman baru TRIBUN-VIDEO.COM- Eks ...,https://www.youtube.com/watch?v=WYwxIonpoZE,UCmxAIW7RDDC88EPk4ry16Kg,Tribunnews,5 hari yang lalu,0,0,0,1.53,https://i.ytimg.com/vi/WYwxIonpoZE/hq720.jpg?sqp=-oaymwEcCNAFEJQDSFXyq4qpAw4IARUAAIhCGAFwAcABBg==&rs=AOn4CLCJ_IvtgZaOugsGWVfWxy5TCuD7aQ,video,"{'scraped_at': '2026-01-08T16:22:16.070873', 'scraper': 'youtube', 'keywords': ['play', 'tribun', 'mahfud', 'atau', 'segera', 'com', 'dipilih', 'oleh', 'alasan', 'aplikasi'], 'language': 'id'}",pemilihan kepala daerah DPRD
tGP_qishoxE,Mendagri Setuju Usulan Kepala Daerah Dipilih oleh DPRD | Kabar Merah Putih tvOne,"Kabar Merah Putih, - Mendagri Setuju Usulan Kepala Daerah Dipilih oleh DPRD | Kabar Merah Putih ...",https://www.youtube.com/watch?v=tGP_qishoxE,UCER4rvDnRBPr_ncYW4UCZjg,tvOneNews,1 tahun yang lalu,0,0,0,2.12,https://i.ytimg.com/vi/tGP_qishoxE/hq720.jpg?sqp=-oaymwEcCNAFEJQDSFXyq4qpAw4IARUAAIhCGAFwAcABBg==&rs=AOn4CLACij9fUJJg5uTxBl1V-xJCFdqtxA,video,"{'scraped_at': '2026-01-08T16:22:16.070873', 'scraper': 'youtube', 'keywords': ['daerah', 'tvone', 'usulan', 'setuju', 'dprd', 'dipilih', 'kepala', 'kabar', 'https', 'www'], 'language': 'id'}",pemilihan kepala daerah DPRD
I7idp93D_PE,Respons KPU RI Seusai Presiden Prabowo Usulkan Kepala Daerah Dipilih oleh DPRD,Download aplikasi berita TribunX di Play Store atau App Store untuk dapatkan pengalaman baru TRIBUN-VIDEO.COM - Komisi ...,https://www.youtube.com/watch?v=I7idp93D_PE,UCmxAIW7RDDC88EPk4ry16Kg,Tribunnews,1 tahun yang lalu,0,0,0,4.04,https://i.ytimg.com/vi/I7idp93D_PE/hq720.jpg?sqp=-oaymwEcCNAFEJQDSFXyq4qpAw4IARUAAIhCGAFwAcABBg==&rs=AOn4CLD8mKzpKStwKGHMRa5VsD5o1nBixg,video,"{'scraped_at': '2026-01-08T16:22:16.070873', 'scraper': 'youtube', 'keywords': ['play', 'tribun', 'kpu', 'atau', 'com', 'dipilih', 'oleh', 'aplikasi', 'tribunx', 'store'], 'language': 'id'}",pemilihan kepala daerah DPRD
_sg9jKlaA1g,Golkar Sudah Lakukan Kajian soal Kepala Daerah Dipilih DPRD,Sekjen Partai Golkar Sarmuji menyatakan partainya sudah melakukan kajian yang cukup jauh mengenai wacana kepala daerah ...,https://www.youtube.com/watch?v=_sg9jKlaA1g,UCKII0Ml9S5wneKbHswmUrIQ,CNN Indonesia,2 minggu yang lalu,0,0,0,3.57,https://i.ytimg.com/vi/_sg9jKlaA1g/hq720.jpg?sqp=-oaymwEcCNAFEJQDSFXyq4qpAw4IARUAAIhCGAFwAcABBg==&rs=AOn4CLBuEMBu61HmJITFVBAIb7H5PFiurQ,video,"{'scraped_at': '2026-01-08T16:22:16.072315', 'scraper': 'youtube', 'keywords': ['menyatakan', 'melakukan', 'soal', 'kajian', 'golkar', 'partai', 'dipilih', 'sekjen', 'sudah', 'daerah'], 'language': 'id'}",pemilihan kepala daerah DPRD
gzaD7XKhmDk,"Pro-Kontra DPRD Pilih Kepala Daerah, Begini Kata Mendagri-Eks Ketua MK",mendagri kepaladaerah # dprd KOMPAS.TV - Menteri Dalam Negeri Tito Karnavian membuka peluang pemilihan kepala daerah ...,https://www.youtube.com/watch?v=gzaD7XKhmDk,UCrWOD3pt2FZp5qvG5J_U48A,Kompas Tv Bangka,5 bulan yang lalu,0,0,0,3.03,https://i.ytimg.com/vi/gzaD7XKhmDk/hq720.jpg?sqp=-oaymwEcCNAFEJQDSFXyq4qpAw4IARUAAIhCGAFwAcABBg==&rs=AOn4CLD4Byx4DryUZ8uRm6Ru4XZ50t3bVw,video,"{'scraped_at': '2026-01-08T16:22:16.072315', 'scraper': 'youtube', 'keywords': ['kata', 'kepaladaerah', 'dalam', 'ketua', 'pemilihan', 'begini', 'kompas', 'peluang', 'negeri', 'mendagri'], 'language': 'id'}",pemilihan kepala daerah DPRD
Ex2gUIG46e8,Pemilu Bersejarah New York 2025: Bagaimana Sistem Pemungutan Suara Berperingkat Mengubah Permainan,"Pada bulan Juni, Kota New York menggunakan sistem pemungutan suara berperingkat (ranked choice voting/RCV) dalam pemilihan ...",https://www.youtube.com/watch?v=Ex2gUIG46e8,UCb8R3tlbcYaE5J5-HUBf7mw,FairVote,3 minggu yang lalu,0,0,0,1.36,https://i.ytimg.com/vi/Ex2gUIG46e8/hq720.jpg?sqp=-oaymwE2CNAFEJQDSFXyq4qpAygIARUAAIhCGABwAcABBvABAfgBtgiAAoAPigIMCAAQARheIF4oXjAP&rs=AOn4CLCYXzZejO5VK-yLA0JEneaokeonSw,video,"{'scraped_at': '2026-01-08T16:22:16.072315', 'scraper': 'youtube', 'keywords': ['choice', 'rcv', 'bagaimana', 'bulan', 'dalam', 'pemilihan', 'pemilu', 'sistem', 'voting', 'juni'], 'language': 'id'}",pemilihan kepala daerah DPRD
_8-s0z36F9M,Calon-calon dalam Pemilihan Khusus Distrik ke-35 Michigan michigan pemilu primer kandidat,"Anggota DPR Kristen McDonald Rivet sebelumnya mewakili Distrik ke-35 Michigan, sebelum pindah untuk melayani distrik kongres ...",https://www.youtube.com/watch?v=_8-s0z36F9M,UCiO61Z2BTd18ovzJ4syJJpQ,Michigan Public,7 hari yang lalu,0,0,0,1.46,https://i.ytimg.com/vi/_8-s0z36F9M/hq720_2.jpg?sqp=-oaymwE2CNAFEJQDSFXyq4qpAygIARUAAIhCGABwAcABBvABAfgBzgWAAoAKigIMCAAQARhlIFMoSjAP&rs=AOn4CLBsRPt9IXuPzUtyGObu6Zyybjs68w,video,"{'scraped_at': '2026-01-08T16:22:16.073793', 'scraper': 'youtube', 'keywords': ['dpr', 'mcdonald', 'dalam', 'anggota', 'pindah', 'pemilihan', 'pemilu', 'sebelum', 'mewakili', 'kristen'], 'language': 'id'}",pemilihan kepala daerah DPRD
EAuoXLwrZCI,"Dulu Diperjuangkan SBY, Kini Demokrat Pilih Dukung Pilkada via DPRD: Satu Barisan dengan Prabowo",Download aplikasi berita TribunX di Play Store atau App Store untuk dapatkan pengalaman baru TRIBUN-VIDEO.COM - Susilo ...,https://www.youtube.com/watch?v=EAuoXLwrZCI,UCmxAIW7RDDC88EPk4ry16Kg,Tribunnews,1 hari yang lalu,0,0,0,1.18,https://i.ytimg.com/vi/EAuoXLwrZCI/hq720.jpg?sqp=-oaymwEcCNAFEJQDSFXyq4qpAw4IARUAAIhCGAFwAcABBg==&rs=AOn4CLCZuM9FaF8cj7UCxWgDmwm2nR_qgw,video,"{'scraped_at': '2026-01-08T16:28:10.488557', 'scraper': 'youtube', 'keywords': ['play', 'tribun', 'atau', 'sby', 'satu', 'pilkada', 'barisan', 'com', 'dulu', 'aplikasi'], 'language': 'id'}",pilih gubernur lewat DPRD
4hRSCwHSQsc,"Wacana Pilkada Lewat DPRD, Ketua Komisi II DPR: Sekalian Gubernur Ditunjuk Pemerintah Pusat Saja","Menanggapi munculnya wacana untuk mengembalikan pemilihan kepala daerah (Pilkada) lewat DPRD , Ketua Komisi II DPR RI, ...",https://www.youtube.com/watch?v=4hRSCwHSQsc,UCxSudhpuhNcwk7bmwJBPflQ,Fristian Griec Media,11 bulan yang lalu,0,0,0,1.35,https://i.ytimg.com/vi/4hRSCwHSQsc/hq720.jpg?sqp=-oaymwE2CNAFEJQDSFXyq4qpAygIARUAAIhCGABwAcABBvABAfgBtgiAAoAPigIMCAAQARh_IDgoLzAP&rs=AOn4CLDLMTFROaBDqe7a-DVjIPVs-L3ITA,video,"{'scraped_at': '2026-01-08T16:28:10.489063', 'scraper': 'youtube', 'keywords': ['dpr', 'gubernur', 'pemerintah', 'ketua', 'pilkada', 'pemilihan', 'pusat', 'menanggapi', 'daerah', 'kepala'], 'language': 'id'}",pilih gubernur lewat DPRD
ZFvd0-H3P3Q,"Sebut Pilkada Mahal, Presiden Prabowo Lempar Wacana Kepala Daerah Kembali Dipilih oleh DPRD","JAKARTA, KOMPAS.TV - Presiden Prabowo Subianto melempar wacana kepala daerah kembali dipilih oleh DPRD . Alasannya ...",https://www.youtube.com/watch?v=ZFvd0-H3P3Q,UC5BMIWZe9isJXLZZWPWvBlg,KOMPASTV,1 tahun yang lalu,0,0,0,3.33,https://i.ytimg.com/vi/ZFvd0-H3P3Q/hq720.jpg?sqp=-oaymwEcCNAFEJQDSFXyq4qpAw4IARUAAIhCGAFwAcABBg==&rs=AOn4CLBSyE2oCxwNzJgXd1Cfg77ca4idqw,video,"{'scraped_at': '2026-01-08T16:28:10.489063', 'scraper': 'youtube', 'keywords': ['presiden', 'daerah', 'dprd', 'lempar', 'sebut', 'kepala', 'dipilih', 'alasannya', 'oleh', 'kembali'], 'language': 'id'}",pilih gubernur lewat DPRD
THe-oVKUug0,Gubernur terpilih Virginia mengatakan kepada WTOP bahwa perintah eksekutif pertama akan fokus pad...,"Gubernur Virginia terpilih, Abigail Spanberger, telah mengukir sejarah di Persemakmuran, bahkan tanpa menjabat. Dalam ...",https://www.youtube.com/watch?v=THe-oVKUug0,UCIFD9TMCLBXvJJMe2OpCtCA,WTOP News,2 bulan yang lalu,0,0,0,0.59,https://i.ytimg.com/vi/THe-oVKUug0/hq720_2.jpg?sqp=-oaymwE2CNAFEJQDSFXyq4qpAygIARUAAIhCGABwAcABBvABAfgBtgiAAoAPigIMCAAQARg5ID0ofzAP&rs=AOn4CLCZa82bRb4Np7V2pmVnc-_KmFSL5A,video,"{'scraped_at': '2026-01-08T16:28:10.489063', 'scraper': 'youtube', 'keywords': ['mengukir', 'bahwa', 'telah', 'persemakmuran', 'terpilih', 'gubernur', 'pertama', 'wtop', 'dalam', 'eksekutif'], 'language': 'id'}",pilih gubernur lewat DPRD
AmaUJBygOc4,Wakil gubernur baru Virginia tentang kemenangan bersejarahnya,Hashmi adalah orang India-Amerika pertama yang memenangkan jabatan di tingkat negara bagian Virginia. Ia juga merupakan ...,https://www.youtube.com/watch?v=AmaUJBygOc4,UCIFD9TMCLBXvJJMe2OpCtCA,WTOP News,2 bulan yang lalu,0,0,0,0.38,https://i.ytimg.com/vi/AmaUJBygOc4/hq720_2.jpg?sqp=-oaymwE2CNAFEJQDSFXyq4qpAygIARUAAIhCGABwAcABBvABAfgBtgiAAoAPigIMCAAQARhlIF4oNzAP&rs=AOn4CLBYxMttK1g5me4A-qw4vzaG-iOFmg,video,"{'scraped_at': '2026-01-08T16:28:10.490070', 'scraper': 'youtube', 'keywords': ['jabatan', 'gubernur', 'pertama', 'memenangkan', 'bersejarahnya', 'virginia', 'tingkat', 'kemenangan', 'amerika', 'india'], 'language': 'id'}",pilih gubernur lewat DPRD
-FhXN1VuJMk,"Upaya DPR untuk Revisi UU Pilkada Sehari Setelah Putusan MK, Kenapa Terburu-Buru? | NI LUH VODCAST","JAKARTA, KOMPAS.TV - Sehari setelah Putusan MK, DPR mengadakan rapat untuk Revisi UU Pilkada . RUU Pilkada ini ...",https://www.youtube.com/watch?v=-FhXN1VuJMk,UC5BMIWZe9isJXLZZWPWvBlg,KOMPASTV,1 tahun yang lalu,0,0,0,2.47,https://i.ytimg.com/vi/-FhXN1VuJMk/hq720.jpg?sqp=-oaymwEcCNAFEJQDSFXyq4qpAw4IARUAAIhCGAFwAcABBg==&rs=AOn4CLD_Bv9SxWO385biFzGG1Z351PMFVg,video,"{'scraped_at': '2026-01-08T16:33:12.137212', 'scraper': 'youtube', 'keywords': ['vodcast', 'revisi', 'kenapa', 'setelah', 'dpr', 'rapat', 'buru', 'jakarta', 'sehari', 'mengadakan'], 'language': 'id'}",revisi UU Pilkada
hN9V74fuDP4,"Singgung Revisi UU Pilkada, Adian: Kebijakan Lebih Merusak daripada Vandalisme","Politisi PDI Perjuangan, Adian Napipulu menyinggung aksi demo yang dilakukan mahasiswa dan masyarakat pada tanggal 22 ...",https://www.youtube.com/watch?v=hN9V74fuDP4,UCoSkllfpgmFHtbVK835QaQg,Official iNews,1 tahun yang lalu,0,0,0,1.00,https://i.ytimg.com/vi/hN9V74fuDP4/hq720_2.jpg?sqp=-oaymwE2CNAFEJQDSFXyq4qpAygIARUAAIhCGABwAcABBvABAfgBtgiAAoAPigIMCAAQARgqID0ofzAP&rs=AOn4CLBdgVSWTmKVlWUwse_hCSx-bDyN1Q,video,"{'scraped_at': '2026-01-08T16:33:12.137212', 'scraper': 'youtube', 'keywords': ['politisi', 'perjuangan', 'adian', 'menyinggung', 'vandalisme', 'mahasiswa', 'daripada', 'pilkada', 'demo', 'tanggal'], 'language': 'id'}",revisi UU Pilkada
MeecR2GxM34,"Tak Sesuai Putusan MK, Revisi UU Pilkada Memperumit Penyelenggaraan Pilkada 2024",Revisi Undang-Undang Pilkada yang tidak sesuai perintah putusan Mahkamah Konstitusi dinilai akan memperumit ...,https://www.youtube.com/watch?v=MeecR2GxM34,UCPAxpUn1mrn14xU0JpsLhDg,Kompas.com,1 tahun yang lalu,0,0,0,2.28,https://i.ytimg.com/vi/MeecR2GxM34/hq720.jpg?sqp=-oaymwEcCNAFEJQDSFXyq4qpAw4IARUAAIhCGAFwAcABBg==&rs=AOn4CLCifeWIoP31Gt7s6zdGuVkdNDzKow,video,"{'scraped_at': '2026-01-08T16:33:12.137212', 'scraper': 'youtube', 'keywords': ['revisi', 'konstitusi', 'sesuai', 'penyelenggaraan', '2024', 'dinilai', 'putusan', 'tak', 'mahkamah', 'pilkada'], 'language': 'id'}",revisi UU Pilkada
HGXVEF01ZoQ,"DPR Batal Sahkan Revisi UU Pilkada, Pilkada 2024 ikuti Putusan MK",tribuntimur tribunviral kaesangpangarep pilkada2024 # pilkada Download aplikasi berita TribunX di Play Store atau App Store ...,https://www.youtube.com/watch?v=HGXVEF01ZoQ,UCK6c4qk3hRaa6fMIEZrhiXQ,Tribun Timur,1 tahun yang lalu,0,0,0,1.30,https://i.ytimg.com/vi/HGXVEF01ZoQ/hqdefault.jpg?sqp=-oaymwE2COADEI4CSFXyq4qpAygIARUAAIhCGAFwAcABBvABAfgBzgWAAsAHigIMCAAQARhyIE8oRDAP&rs=AOn4CLBGzhW-zI0fegigBTYUbEqxUxcQng,video,"{'scraped_at': '2026-01-08T16:33:12.137212', 'scraper': 'youtube', 'keywords': ['play', 'atau', 'dpr', 'pilkada2024', 'pilkada', 'kaesangpangarep', 'ikuti', 'aplikasi', 'tribunviral', 'tribunx'], 'language': 'id'}",revisi UU Pilkada
Ks7AiO8NnAA,"KRITIKAN PEDAS Mahfud MD soal Revisi UU Pilkada 2024: Kampungan, Itu Hanya Upaya Loloskan Kaesang",Download aplikasi berita TribunX di Play Store atau App Store untuk dapatkan pengalaman baru TRIBUN-VIDEO.COM - Mantan ...,https://www.youtube.com/watch?v=Ks7AiO8NnAA,UCqRS-Wm53X4Kif3UFFBSYlQ,Tribun Banten,1 tahun yang lalu,0,0,0,0.56,https://i.ytimg.com/vi/Ks7AiO8NnAA/hq720_2.jpg?sqp=-oaymwE2CNAFEJQDSFXyq4qpAygIARUAAIhCGABwAcABBvABAfgBtgiAAoAPigIMCAAQARhyIEQoMjAP&rs=AOn4CLDjZhuoubL4b7OmV8F8IOxcWS7jVA,video,"{'scraped_at': '2026-01-08T16:33:12.137212', 'scraper': 'youtube', 'keywords': ['play', 'tribun', 'mahfud', 'atau', 'soal', 'kampungan', 'pilkada', 'loloskan', 'com', 'hanya'], 'language': 'id'}",revisi UU Pilkada
fpNmCsFD67Y,PDI-P Kritik Pedas Baleg DPR: Revisi UU Pilkada Tak Masuk Akal Sehat!,Anggota Dewan Perwakilan Rakyat Republik Indonesia (DPR RI) Fraksi PDI-P Arteria Dahlan menyebut Badan Legislasi (Baleg) ...,https://www.youtube.com/watch?v=fpNmCsFD67Y,UCPAxpUn1mrn14xU0JpsLhDg,Kompas.com,1 tahun yang lalu,0,0,0,2.21,https://i.ytimg.com/vi/fpNmCsFD67Y/hq720.jpg?sqp=-oaymwEcCNAFEJQDSFXyq4qpAw4IARUAAIhCGAFwAcABBg==&rs=AOn4CLDlLJJG6tm-TuyZGB9wd9cfqFxdaQ,video,"{'scraped_at': '2026-01-08T16:33:12.138446', 'scraper': 'youtube', 'keywords': ['dpr', 'kritik', 'akal', 'anggota', 'pilkada', 'arteria', 'republik', 'baleg', 'sehat', 'rakyat'], 'language': 'id'}",revisi UU Pilkada
tx8-fmOoijc,"[Breaking News] Revisi UU Pilkada Batal Disahkan | Kamis, 22 Agustus 2024","[LIVE NOW] Revisi UU Pilkada Batal Disahkan | Kamis, 22 Agustus 2024 Website: Profile: ...",https://www.youtube.com/watch?v=tx8-fmOoijc,UCGfXjFgIUUTUUlzdG6BenXA,SINDOnews,Streaming 1 tahun yang lalu,0,0,0,14.18,https://i.ytimg.com/vi/tx8-fmOoijc/hq720.jpg?sqp=-oaymwEcCNAFEJQDSFXyq4qpAw4IARUAAIhCGAFwAcABBg==&rs=AOn4CLA1k65K0xtQgbQPLGVZvI9okfPgOQ,video,"{'scraped_at': '2026-01-08T16:33:12.138446', 'scraper': 'youtube', 'keywords': ['batal', 'revisi', 'https', 'com', 'news', 'sindonews', 'agustus', 'now', 'www', '2024'], 'language': 'id'}",revisi UU Pilkada
BerPe99gI4o,"Beri Respon Putusan MK tentang Revisi UU Pilkada, Jokowi: Si Tukang Kayu Terus Dikaitkan","revisiuupilkada kawalputusanmk aksitolakrevisiuupilkada JAKARTA, KOMPAS.TV - Presiden Joko Widodo merespons putusan ...",https://www.youtube.com/watch?v=BerPe99gI4o,UC7gVU6HkjK3UIadwNGGiA7Q,KOMPASTV JAWA BARAT,1 tahun yang lalu,0,0,0,2.57,https://i.ytimg.com/vi/BerPe99gI4o/hq720.jpg?sqp=-oaymwEcCNAFEJQDSFXyq4qpAw4IARUAAIhCGAFwAcABBg==&rs=AOn4CLA6ZMLIKFuAyCZfaNXCXVFNZoKKSA,video,"{'scraped_at': '2026-01-08T16:33:12.138446', 'scraper': 'youtube', 'keywords': ['widodo', 'jokowi', 'pilkada', 'aksitolakrevisiuupilkada', 'dikaitkan', 'terus', 'joko', 'kompas', 'tukang', 'merespons'], 'language': 'id'}",revisi UU Pilkada
95eXeSvW5ds,Ini Alasan DPR Batalkan Revisi UU Pilkada | Kabar Pagi tvOne,"Kabar Pagi, - Ini Alasan DPR Batalkan Revisi UU Pilkada | Kabar Pagi tvOne Wakil Ketua Dewan ...",https://www.youtube.com/watch?v=95eXeSvW5ds,UCER4rvDnRBPr_ncYW4UCZjg,tvOneNews,1 tahun yang lalu,0,0,0,3.04,https://i.ytimg.com/vi/95eXeSvW5ds/hq720.jpg?sqp=-oaymwEcCNAFEJQDSFXyq4qpAw4IARUAAIhCGAFwAcABBg==&rs=AOn4CLCXqblGtqjYsKDdkQ0OzYWlfAOzcg,video,"{'scraped_at': '2026-01-08T16:33:12.138446', 'scraper': 'youtube', 'keywords': ['revisi', 'https', 'tvone', 'com', 'dpr', 'kabar', 'tvonenews', 'www', 'alasan', 'batalkan'], 'language': 'id'}",revisi UU Pilkada
JoYVJwEqHpI,"Revisi UU Pilkada Batal, Eks Ketua MK: Berarti DPR Dengarkan Suara Rakyat","AKIM, - Revisi UU Pilkada Batal, Eks Ketua MK: Berarti DPR Dengarkan Suara Rakyat Wakil Ketua ...",https://www.youtube.com/watch?v=JoYVJwEqHpI,UCkYTR78_Knz-3S5NTxJfCIw,Investigasi tvOne,1 tahun yang lalu,0,0,0,14.06,https://i.ytimg.com/vi/JoYVJwEqHpI/hq720.jpg?sqp=-oaymwEcCNAFEJQDSFXyq4qpAw4IARUAAIhCGAFwAcABBg==&rs=AOn4CLD5JZPH1BXUCh2nGoc0XrprLKiXPA,video,"{'scraped_at': '2026-01-08T16:33:12.138446', 'scraper': 'youtube', 'keywords': ['batal', 'revisi', 'https', 'com', 'dpr', 'eks', 'tvonenews', 'rakyat', 'www', 'dengarkan'], 'language': 'id'}",revisi UU Pilkada
HmucEtULXRU,"Pengamat, Eks Ketua KPU, dan Eks Hakim MK Pasca Revisi UU Pilkada yang Batal","JAKARTA, KOMPAS.TV - Revisi UU Pilkada oleh DPR resmi dibatalkan. Hal ini diungkapkan oleh Wakil Ketua DPR RI, Sufmi ...",https://www.youtube.com/watch?v=HmucEtULXRU,UCuAeylJ9TmW0C7XBF6KlpEQ,KOMPASTV MALANG,1 tahun yang lalu,0,0,0,34.28,https://i.ytimg.com/vi/HmucEtULXRU/hq720.jpg?sqp=-oaymwEcCNAFEJQDSFXyq4qpAw4IARUAAIhCGAFwAcABBg==&rs=AOn4CLCtDcdP_UJ1ReDTFk4fg6uXSMhKhQ,video,"{'scraped_at': '2026-01-08T16:33:12.138446', 'scraper': 'youtube', 'keywords': ['kpu', 'dpr', 'ketua', 'pilkada', 'resmi', 'oleh', 'hal', 'pasca', 'kompas', 'eks'], 'language': 'id'}",revisi UU Pilkada
gIUtaYuhywY,"BREAKING NEWS - Demo Tolak Revisi UU Pilkada Memanas, Jokowi Tegaskan Hormati Putusan MK",KOMPAS.TV - Presiden Joko Widodo telah menegaskan kembali komitmen pemerintah untuk menghormati putusan Mahkamah ...,https://www.youtube.com/watch?v=gIUtaYuhywY,UCOuwLct59ZOFrwhDIY6tVxw,KOMPASTV JEMBER,1 tahun yang lalu,0,0,0,15.25,https://i.ytimg.com/vi/gIUtaYuhywY/hq720.jpg?sqp=-oaymwEcCNAFEJQDSFXyq4qpAw4IARUAAIhCGAFwAcABBg==&rs=AOn4CLCa5d7Z7g_AQlNVrFu2SOu04GOhtg,video,"{'scraped_at': '2026-01-08T16:33:12.139859', 'scraper': 'youtube', 'keywords': ['telah', 'pemerintah', 'widodo', 'breaking', 'jokowi', 'pilkada', 'demo', 'joko', 'hormati', 'kompas'], 'language': 'id'}",revisi UU Pilkada
hojUF_L5KD0,"AKSI DEMO TOLAK REVISI UU PILKADA, PUKUL 17.30 SORE","JAKARTA, KOMPAS.TV - Liputan, AKSI DEMO TOLAK REVISI UU PILKADA , PUKUL 17.30 WIB Sore tolakruupilkada ...",https://www.youtube.com/watch?v=hojUF_L5KD0,UCRdwWPjiCuG37GIsnt4breg,KOMPASTV MAKASSAR,1 tahun yang lalu,0,0,0,3.15,https://i.ytimg.com/vi/hojUF_L5KD0/hq720.jpg?sqp=-oaymwEcCNAFEJQDSFXyq4qpAw4IARUAAIhCGAFwAcABBg==&rs=AOn4CLAw9qieVPUBre2z3XmeK7e77XvGfw,video,"{'scraped_at': '2026-01-08T16:33:12.139859', 'scraper': 'youtube', 'keywords': ['demo', 'revisi', 'liputan', 'sore', 'wib', 'aksi', 'jakarta', 'tolakruupilkada', 'kompas', 'pilkada'], 'language': 'id'}",revisi UU Pilkada
lP2gG7YmFig,Jokowi Puji Pembatalan Revisi UU Pilkada oleh DPR | Liputan6,LIPUTAN6.COM - Jokowi Puji Pembatalan Revisi UU Pilkada oleh DPR | Liputan6 Kantor pos polisi Kebon Sereh di Utan Kayu ...,https://www.youtube.com/watch?v=lP2gG7YmFig,UC1QpnGo11epfexw1bIiTHTg,Liputan6,1 tahun yang lalu,0,0,0,4.01,https://i.ytimg.com/vi/lP2gG7YmFig/hq720.jpg?sqp=-oaymwEcCNAFEJQDSFXyq4qpAw4IARUAAIhCGAFwAcABBg==&rs=AOn4CLCWbGop29GCt2dtoyTxAl86_8xtcw,video,"{'scraped_at': '2026-01-08T16:33:12.139859', 'scraper': 'youtube', 'keywords': ['pos', 'revisi', 'com', 'puji', 'dpr', 'kantor', 'oleh', 'liputan6', 'utan', 'sereh'], 'language': 'id'}",revisi UU Pilkada
XiuGjgBQ_Xs,Mahasiswa Tuntut Revisi UU Pilkada Dibatalkan,KOMPAS.TV - Mahasiswa di sejumlah universitas turun ke jalan untuk menyuarakan protes terhadap revisi Undang-Undang ( UU ) ...,https://www.youtube.com/watch?v=XiuGjgBQ_Xs,UCYNpIdSp5xvvQzgOHtw2RAw,KOMPASTV JAWA TIMUR,1 tahun yang lalu,0,0,0,9.07,https://i.ytimg.com/vi/XiuGjgBQ_Xs/hq720.jpg?sqp=-oaymwEcCNAFEJQDSFXyq4qpAw4IARUAAIhCGAFwAcABBg==&rs=AOn4CLDg9j-EMlGvzvNx7uUXlH0fY8eo2A,video,"{'scraped_at': '2026-01-08T16:33:12.139859', 'scraper': 'youtube', 'keywords': ['terhadap', 'revisi', 'dibatalkan', 'protes', 'universitas', 'tuntut', 'pilkada', 'jalan', 'menyuarakan', 'kompas'], 'language': 'id'}",revisi UU Pilkada
3fTfXfekhlU,"Demo Tolak Revisi UU Pilkada 22 Agustus 2024, Jadi Momen Bersejarah Rakyat Kawal Demokrasi","JAKARTA, KOMPAS.TV - Kamis (22/08/2024) menjadi momen bersejarah kala rakyat mengawal demokrasi yang kian berada di ...",https://www.youtube.com/watch?v=3fTfXfekhlU,UC5BMIWZe9isJXLZZWPWvBlg,KOMPASTV,1 tahun yang lalu,0,0,0,3.33,https://i.ytimg.com/vi/3fTfXfekhlU/hq720.jpg?sqp=-oaymwEcCNAFEJQDSFXyq4qpAw4IARUAAIhCGAFwAcABBg==&rs=AOn4CLCxW0-gvc88eiwxowL9lx67i8n5pA,video,"{'scraped_at': '2026-01-08T16:33:12.139859', 'scraper': 'youtube', 'keywords': ['mengawal', 'jadi', 'kian', 'demokrasi', 'momen', 'pilkada', 'menjadi', 'demo', 'rakyat', 'kompas'], 'language': 'id'}",revisi UU Pilkada
BtyFnXLsT2w,Suasana Malam Depan DPR usai Pengumuman Revisi UU Pilkada Dibatalkan,"JAKARTA, KOMPASTV - Pimpinan DPR telah mengumumkan pembahasan revisi uu Pilkada dibatalkan, Kamis (22/8/2024).",https://www.youtube.com/watch?v=BtyFnXLsT2w,UC5BMIWZe9isJXLZZWPWvBlg,KOMPASTV,1 tahun yang lalu,0,0,0,8.35,https://i.ytimg.com/vi/BtyFnXLsT2w/hq720.jpg?sqp=-oaymwEcCNAFEJQDSFXyq4qpAw4IARUAAIhCGAFwAcABBg==&rs=AOn4CLD4_wco7o7xRZW5Ee7rXUASrMjL-g,video,"{'scraped_at': '2026-01-08T16:33:12.139859', 'scraper': 'youtube', 'keywords': ['revisi', 'pimpinan', 'dibatalkan', 'dpr', 'telah', 'kompastv', 'mengumumkan', 'jakarta', 'pembahasan', 'kamis'], 'language': 'id'}",revisi UU Pilkada
OchSBI08-lM,DEMO TOLAK REVISI UU PILKADA 18.00 PETANG WIB,"JAKARTA, KOMPAS.TV - Liputan, AKSI DEMO TOLAK REVISI UU PILKADA , PUKUL 18.10 WIB PETANG tolakruupilkada ...",https://www.youtube.com/watch?v=OchSBI08-lM,UCRdwWPjiCuG37GIsnt4breg,KOMPASTV MAKASSAR,1 tahun yang lalu,0,0,0,15.47,https://i.ytimg.com/vi/OchSBI08-lM/hq720.jpg?sqp=-oaymwEcCNAFEJQDSFXyq4qpAw4IARUAAIhCGAFwAcABBg==&rs=AOn4CLB8eqtbxMhfNQXE82XcL6fiqEgtCg,video,"{'scraped_at': '2026-01-08T16:33:12.139859', 'scraper': 'youtube', 'keywords': ['demo', 'revisi', 'liputan', 'wib', 'jakarta', 'aksi', 'tolakruupilkada', 'kompas', 'pilkada', 'tolak'], 'language': 'id'}",revisi UU Pilkada
d2e3c5gU7Uw,Puan Respons Ramai Penolakan Revisi UU Pilkada | Kabar Hari Ini tvOne,"Kabar Hari Ini, - Puan Respons Ramai Penolakan Revisi UU Pilkada | Kabar Hari Ini tvOne Ketua ...",https://www.youtube.com/watch?v=d2e3c5gU7Uw,UCER4rvDnRBPr_ncYW4UCZjg,tvOneNews,1 tahun yang lalu,0,0,0,4.38,https://i.ytimg.com/vi/d2e3c5gU7Uw/hq720.jpg?sqp=-oaymwEcCNAFEJQDSFXyq4qpAw4IARUAAIhCGAFwAcABBg==&rs=AOn4CLDlY-ALEY6NP4jHlPFKcAZLY8bWZg,video,"{'scraped_at': '2026-01-08T16:33:12.139859', 'scraper': 'youtube', 'keywords': ['revisi', 'https', 'tvone', 'puan', 'com', 'kabar', 'tvonenews', 'penolakan', 'ramai', 'www'], 'language': 'id'}",revisi UU Pilkada
Oo_vl1PM4po,Pemerintah Bantah Rencana Revisi UU Pemilu dan UU Pilkada - Liputan6.com,"Menteri Sekretaris Negara, Pratikno membantah adanya rencana pemerintah untuk merevisi UU Pemilu dan UU Pilkada .",https://www.youtube.com/watch?v=Oo_vl1PM4po,UCI3KTrej3SVwmplRaLu-YFQ,Enam+,4 tahun yang lalu,0,0,0,4.02,https://i.ytimg.com/vi/Oo_vl1PM4po/hqdefault.jpg?sqp=-oaymwEcCOADEI4CSFXyq4qpAw4IARUAAIhCGAFwAcABBg==&rs=AOn4CLC6fbKKY0sWXVMPNAOdQU7si5KORA,video,"{'scraped_at': '2026-01-08T16:33:12.139859', 'scraper': 'youtube', 'keywords': ['bantah', 'revisi', 'com', 'adanya', 'pemilu', 'membantah', 'pemerintah', 'liputan6', 'pratikno', 'rencana'], 'language': 'id'}",revisi UU Pilkada
WzeS6xVA11Q,"Dulu Digagalkan SBY, Sekarang Demokrat Dukung Pilkada via DPRD: PDIP Sumsel Menolak!","... membuka kembali wacana perubahan sistem pilkada , termasuk kemungkinan pemilihan kepala daerah dilakukan oleh DPRD.",https://www.youtube.com/watch?v=WzeS6xVA11Q,UCT5H_ppXrhC7SFurhrezJKw,Tribun Sumsel,1 hari yang lalu,0,0,0,7.37,https://i.ytimg.com/vi/WzeS6xVA11Q/hq720.jpg?sqp=-oaymwEcCNAFEJQDSFXyq4qpAw4IARUAAIhCGAFwAcABBg==&rs=AOn4CLAuQOBZt_bDL4MkHwg_OR5kXm0JVg,video,"{'scraped_at': '2026-01-08T16:38:20.162401', 'scraper': 'youtube', 'keywords': ['pdip', 'sby', 'pilkada', 'menolak', 'pemilihan', 'dulu', 'sistem', 'oleh', 'via', 'membuka'], 'language': 'id'}",perubahan sistem pilkada
nn_BM156e78,"Dukung Penghapusan Pilkada Langsung, Demokrat: Ongkosnya Terlalu Besar | THT Pagi","... membuka kembali wacana perubahan sistem pilkada , termasuk kemungkinan pemilihan kepala daerah dilakukan oleh DPRD.",https://www.youtube.com/watch?v=nn_BM156e78,UCPkKy2qo04uNtJYmGkS972Q,Trijaya FM,13 jam yang lalu,0,0,0,8.45,https://i.ytimg.com/vi/nn_BM156e78/hq720.jpg?sqp=-oaymwEcCNAFEJQDSFXyq4qpAw4IARUAAIhCGAFwAcABBg==&rs=AOn4CLASW4deq51zMJ8ev5kENkbIGv-RdQ,video,"{'scraped_at': '2026-01-08T16:38:20.162401', 'scraper': 'youtube', 'keywords': ['terlalu', 'ongkosnya', 'pilkada', 'pemilihan', 'pagi', 'sistem', 'oleh', 'membuka', 'langsung', 'penghapusan'], 'language': 'id'}",perubahan sistem pilkada
onPC9wMJTwk,"Sikap Demokrat soal Pilkada Lewat DPRD ""Tekanan atau Demi Kekuasaan?""",Demokrat menyatakan akan sejalan dengan Presiden Prabowo Subianto soal wacana perubahan sistem pilkada melalui DPRD.,https://www.youtube.com/watch?v=onPC9wMJTwk,UCypJ8Xhh-2bUfkT9KYoltmA,KOMPASTV JAWA TENGAH,1 hari yang lalu,0,0,0,4.47,https://i.ytimg.com/vi/onPC9wMJTwk/hq720.jpg?sqp=-oaymwEcCNAFEJQDSFXyq4qpAw4IARUAAIhCGAFwAcABBg==&rs=AOn4CLBfFdUq1BxVPYOUi9E0mL3V3EAs8Q,video,"{'scraped_at': '2026-01-08T16:38:20.163400', 'scraper': 'youtube', 'keywords': ['atau', 'menyatakan', 'soal', 'pilkada', 'kekuasaan', 'demi', 'sistem', 'melalui', 'subianto', 'perubahan'], 'language': 'id'}",perubahan sistem pilkada
6Lggn1v84Ec,Lemhanas Nilai Wacana Perubahan Sistem Pilkada Perlu Dikaji,Gubernur Lembaga Ketahanan Nasional menanggapi wacana usulan perubahan sistem pemilihan kepala daerah. Menurutnya ...,https://www.youtube.com/watch?v=6Lggn1v84Ec,UCqLsfkQSM0yfyGvONAGWd3Q,BeritaSatu,7 tahun yang lalu,0,0,0,2.17,https://i.ytimg.com/vi/6Lggn1v84Ec/hq720.jpg?sqp=-oaymwEcCNAFEJQDSFXyq4qpAw4IARUAAIhCGAFwAcABBg==&rs=AOn4CLAdJli5gSkRmr124FBYDKXYM2bzPw,video,"{'scraped_at': '2026-01-08T16:38:20.163400', 'scraper': 'youtube', 'keywords': ['dikaji', 'daerah', 'usulan', 'kepala', 'pemilihan', 'perlu', 'perubahan', 'sistem', 'gubernur', 'lemhanas'], 'language': 'id'}",perubahan sistem pilkada
sdZHAumwNIQ,Gerindra Dukung Pilkada Lewat DPRD: Kita Harus Berani Lakukan Perubahan Sistem,"JAKARTA, KOMPAS.TV - Ketua DPP Partai Gerindra Prasetyo Hadi menilai langkah partainya mendukung usulan kepala daerah ...",https://www.youtube.com/watch?v=sdZHAumwNIQ,UC5BMIWZe9isJXLZZWPWvBlg,KOMPASTV,10 hari yang lalu,0,0,0,6.41,https://i.ytimg.com/vi/sdZHAumwNIQ/hq720.jpg?sqp=-oaymwEcCNAFEJQDSFXyq4qpAw4IARUAAIhCGAFwAcABBg==&rs=AOn4CLB6roDsqZ-I8xu9nUVzCxeqU-LyNw,video,"{'scraped_at': '2026-01-08T16:38:20.163400', 'scraper': 'youtube', 'keywords': ['usulan', 'berani', 'partai', 'ketua', 'dpp', 'pilkada', 'kita', 'sistem', 'kompas', 'prasetyo'], 'language': 'id'}",perubahan sistem pilkada
pOpu5xZk1ZY,"Koalisi Pemerintahan Setuju Pilkada Lewat DPRD, PDIP: Upaya Langgengkan Kekuasaan",TV - Kini Demokrat menyatakan akan sejalan dengan Presiden Prabowo Subianto terkait wacana perubahan sistem pilkada ...,https://www.youtube.com/watch?v=pOpu5xZk1ZY,UC7gVU6HkjK3UIadwNGGiA7Q,KOMPASTV JAWA BARAT,8 jam yang lalu,0,0,0,4.38,https://i.ytimg.com/vi/pOpu5xZk1ZY/hq720.jpg?sqp=-oaymwEcCNAFEJQDSFXyq4qpAw4IARUAAIhCGAFwAcABBg==&rs=AOn4CLA0qQZwsV1M4BuczBWi9UmPGZyUoA,video,"{'scraped_at': '2026-01-08T16:38:20.163400', 'scraper': 'youtube', 'keywords': ['setuju', 'pdip', 'pilkada', 'kekuasaan', 'koalisi', 'pemerintahan', 'sistem', 'upaya', 'subianto', 'kini'], 'language': 'id'}",perubahan sistem pilkada
0XjQOucpZM8,"Demokrat Kini Dukung Pilkada Lewat DPRD, Sebut Opsi Konstitusional yang Sah",... Demokrat secara resmi menyatakan keselarasan sikap dengan Presiden Prabowo terkait wacana perubahan sistem pilkada .,https://www.youtube.com/watch?v=0XjQOucpZM8,UC5BMIWZe9isJXLZZWPWvBlg,KOMPASTV,2 hari yang lalu,0,0,0,4.58,https://i.ytimg.com/vi/0XjQOucpZM8/hq720.jpg?sqp=-oaymwEcCNAFEJQDSFXyq4qpAw4IARUAAIhCGAFwAcABBg==&rs=AOn4CLAbsQ4xe63PZr7ZGeTLAxaQh0T_Ng,video,"{'scraped_at': '2026-01-08T16:38:20.164400', 'scraper': 'youtube', 'keywords': ['menyatakan', 'opsi', 'pilkada', 'resmi', 'sistem', 'keselarasan', 'kini', 'perubahan', 'terkait', 'prabowo'], 'language': 'id'}",perubahan sistem pilkada
u_m63q7D9Ao,"Usul Kepala Daerah Dipilih oleh DPRD, Presiden Prabowo: Biaya Mahal, Perbaiki Sistem Pilkada",KOMPAS.TV - Presiden Prabowo Subianto mengusulkan perubahan sistem pemilihan kepala daerah agar kembali dilakukan ...,https://www.youtube.com/watch?v=u_m63q7D9Ao,UCOuwLct59ZOFrwhDIY6tVxw,KOMPASTV JEMBER,1 tahun yang lalu,0,0,0,3.24,https://i.ytimg.com/vi/u_m63q7D9Ao/hq720.jpg?sqp=-oaymwEcCNAFEJQDSFXyq4qpAw4IARUAAIhCGAFwAcABBg==&rs=AOn4CLDRExLgO_vPaDoDFkJQPW--Aw8lfw,video,"{'scraped_at': '2026-01-08T16:38:20.164400', 'scraper': 'youtube', 'keywords': ['mengusulkan', 'pilkada', 'pemilihan', 'dipilih', 'oleh', 'sistem', 'mahal', 'kompas', 'subianto', 'daerah'], 'language': 'id'}",perubahan sistem pilkada
iBdoa9Ii3Bg,Mahfud MD Peringatkan Kisruh Nasional di 2026 Imbas Pilkada Dipilih DPRD: Politik & Hukum Memanas,Download aplikasi berita TribunX di Play Store atau App Store untuk dapatkan pengalaman baru TRIBUN-VIDEO.COM - Mahfud ...,https://www.youtube.com/watch?v=iBdoa9Ii3Bg,UCmxAIW7RDDC88EPk4ry16Kg,Tribunnews,5 hari yang lalu,0,0,0,0.06,https://i.ytimg.com/vi/iBdoa9Ii3Bg/hq720_2.jpg?sqp=-oaymwE2CNAFEJQDSFXyq4qpAygIARUAAIhCGABwAcABBvABAfgBtgiAAoAPigIMCAAQARgTIFAofzAP&rs=AOn4CLCk-a3eUo7JHyxg6i-TB52455uZ4A,video,"{'scraped_at': '2026-01-08T16:38:20.164400', 'scraper': 'youtube', 'keywords': ['peringatkan', 'play', 'mahfud', 'atau', 'tribun', 'kisruh', 'pilkada', 'com', 'dipilih', 'aplikasi'], 'language': 'id'}",perubahan sistem pilkada
bN9qGU9Vg8k,Penilaian Masyarakat Terhadap Perubahan Sistem Pemilu,"MetroTV, Sejumlah masyarakat menilai perubahan sistem pemilu dari proporsional terbuka ke proporsional tertutup sangat ...",https://www.youtube.com/watch?v=bN9qGU9Vg8k,UCzl0OrB3-ehunyotIQvK77A,METRO TV,2 tahun yang lalu,0,0,0,1.31,https://i.ytimg.com/vi/bN9qGU9Vg8k/hqdefault.jpg?sqp=-oaymwEcCOADEI4CSFXyq4qpAw4IARUAAIhCGAFwAcABBg==&rs=AOn4CLAK1dGAoX7pfVd2_qGHYFTdkY8-pg,video,"{'scraped_at': '2026-01-08T16:38:20.164400', 'scraper': 'youtube', 'keywords': ['terhadap', 'sangat', 'pemilu', 'menilai', 'sistem', 'perubahan', 'penilaian', 'tertutup', 'masyarakat', 'terbuka'], 'language': 'id'}",perubahan sistem pilkada
m1k9EK380Wc,"Koalisi Prabowo Dukung Pilkada Lewat DPRD, PDIP Tolak Karena Nilai Upaya Langgengkan Kekuasaan",TV - Kini Demokrat menyatakan akan sejalan dengan Presiden Prabowo Subianto terkait wacana perubahan sistem pilkada ...,https://www.youtube.com/watch?v=m1k9EK380Wc,UCuAeylJ9TmW0C7XBF6KlpEQ,KOMPASTV MALANG,9 jam yang lalu,0,0,0,4.38,https://i.ytimg.com/vi/m1k9EK380Wc/hq720.jpg?sqp=-oaymwEcCNAFEJQDSFXyq4qpAw4IARUAAIhCGAFwAcABBg==&rs=AOn4CLCvtBAUGh4_S03LQOA5S6OcoOeySg,video,"{'scraped_at': '2026-01-08T16:38:20.165401', 'scraper': 'youtube', 'keywords': ['pdip', 'pilkada', 'kekuasaan', 'koalisi', 'sistem', 'upaya', 'karena', 'subianto', 'kini', 'sejalan'], 'language': 'id'}",perubahan sistem pilkada
u2YHBo3tOwE,"Presiden Prabowo Berhenti Pidato, Minta Izin hingga Para Menteri Berdiri",Download aplikasi berita TribunX di Play Store atau App Store untuk dapatkan pengalaman baru SURYA.CO.ID - Presiden ...,https://www.youtube.com/watch?v=u2YHBo3tOwE,UCdygRiDGTM9kjc-7hrrB-7Q,Harian Surya,1 hari yang lalu,0,0,0,0.13,https://i.ytimg.com/vi/u2YHBo3tOwE/hq720_2.jpg?sqp=-oaymwE2CNAFEJQDSFXyq4qpAygIARUAAIhCGABwAcABBvABAfgBtgiAAoAPigIMCAAQARhlIF4oSTAP&rs=AOn4CLA92jCuhPXq2-BmPNlCIRwDy-z0vQ,video,"{'scraped_at': '2026-01-08T16:43:15.090535', 'scraper': 'youtube', 'keywords': ['play', 'para', 'atau', 'minta', 'berdiri', 'aplikasi', 'hingga', 'tribunx', 'store', 'pengalaman'], 'language': 'id'}",gubernur tidak langsung
mTSViaQD4s4,Respons Gubernur KDM soal Pemuda Viralkan Jalan Rusak Diintimidasi dan Dipolisikan Keluarga Kades,Holis Muhlisin (31) tiba-tiba menjadi sorotan publik setelah sebuah video yang memperlihatkan dirinya mendapat tekanan dari ...,https://www.youtube.com/watch?v=mTSViaQD4s4,UCT5H_ppXrhC7SFurhrezJKw,Tribun Sumsel,4 hari yang lalu,0,0,0,3.29,https://i.ytimg.com/vi/mTSViaQD4s4/hq720.jpg?sqp=-oaymwEcCNAFEJQDSFXyq4qpAw4IARUAAIhCGAFwAcABBg==&rs=AOn4CLAVp5hjphm5POsR1L9se000mharFw,video,"{'scraped_at': '2026-01-08T16:43:15.090535', 'scraper': 'youtube', 'keywords': ['holis', 'muhlisin', 'viralkan', 'sebuah', 'soal', 'gubernur', 'kades', 'menjadi', 'tiba', 'jalan'], 'language': 'id'}",gubernur tidak langsung
c39ByZr4Xpw,Pa Menteri Salah Sebut Nama Gubernur KDM Jadi Ridwan Kamil Langsung Istighfar,,https://www.youtube.com/watch?v=c39ByZr4Xpw,UChQmk87O9GjgRVB6STFbBxw,Mufan TV,16 jam yang lalu,0,0,0,0.38,https://i.ytimg.com/vi/c39ByZr4Xpw/hq720_2.jpg?sqp=-oaymwE2CNAFEJQDSFXyq4qpAygIARUAAIhCGABwAcABBvABAfgBtgiAAoAPigIMCAAQARghIGUoQDAP&rs=AOn4CLBdL6LvNK1t2QMtEgOyTztXhqn34g,video,"{'scraped_at': '2026-01-08T16:43:15.090535', 'scraper': 'youtube', 'keywords': ['kamil', 'kdm', 'sebut', 'istighfar', 'gubernur', 'jadi', 'ridwan', 'salah', 'nama', 'langsung'], 'language': 'id'}",gubernur tidak langsung
W106riwIG64,"Mentan Amran Salah Sebut Nama Gubernur Jabar Dedi Mulyadi jadi Ridwan Kamil: Eh, Astaghfirullah",Download aplikasi berita TribunX di Play Store atau App Store untuk dapatkan pengalaman baru SURYA.CO.ID - Ada momen ...,https://www.youtube.com/watch?v=W106riwIG64,UCdygRiDGTM9kjc-7hrrB-7Q,Harian Surya,1 hari yang lalu,0,0,0,0.12,https://i.ytimg.com/vi/W106riwIG64/hq720_2.jpg?sqp=-oaymwE2CNAFEJQDSFXyq4qpAygIARUAAIhCGABwAcABBvABAfgBtgiAAoAPigIMCAAQARhlIFwoSzAP&rs=AOn4CLAWSm9C8_eeiLnJc61St9MC7SWacQ,video,"{'scraped_at': '2026-01-08T16:43:15.090535', 'scraper': 'youtube', 'keywords': ['play', 'atau', 'gubernur', 'jadi', 'ada', 'momen', 'astaghfirullah', 'aplikasi', 'ridwan', 'salah'], 'language': 'id'}",gubernur tidak langsung
c1XsfiEgyrU,"Langsung Istigfar, Mentan Salah Sebut Gubernur Jabar jadi Ridwan Kamil, KDM Tertawa",Download aplikasi berita TribunX di Play Store atau App Store untuk dapatkan pengalaman baru TRIBUNJATIM.COM - Ada ...,https://www.youtube.com/watch?v=c1XsfiEgyrU,UC06gryP1oTCGEWbNW8pfIRA,TribunJatim Official,1 hari yang lalu,0,0,0,3.50,https://i.ytimg.com/vi/c1XsfiEgyrU/hq720.jpg?sqp=-oaymwEcCNAFEJQDSFXyq4qpAw4IARUAAIhCGAFwAcABBg==&rs=AOn4CLBpKEYBB3kIRzo8w8rk4pA64GwiOQ,video,"{'scraped_at': '2026-01-08T16:43:15.091542', 'scraper': 'youtube', 'keywords': ['play', 'atau', 'gubernur', 'jadi', 'ada', 'tribunjatim', 'com', 'aplikasi', 'ridwan', 'salah'], 'language': 'id'}",gubernur tidak langsung
g8mzjxq1lAI,"Presiden Buruh Said Iqbal Beberkan Alasan KDM Dicap Gubernur Konten, Tak Takut Diserang Buzzer",Download aplikasi berita TribunX di Play Store atau App Store untuk dapatkan pengalaman baru TRIBUNJAKARTA.COM ...,https://www.youtube.com/watch?v=g8mzjxq1lAI,UCD4mYEJsyoMWsZsXApoJnzw,TribunJakarta Official,2 jam yang lalu,0,0,0,2.29,https://i.ytimg.com/vi/g8mzjxq1lAI/hq720.jpg?sqp=-oaymwE2CNAFEJQDSFXyq4qpAygIARUAAIhCGABwAcABBvABAfgBzgWAAoAKigIMCAAQARgwIFUocjAP&rs=AOn4CLDZss3Bn-sWfFTYNkdQIequygfh6w,video,"{'scraped_at': '2026-01-08T16:43:15.091542', 'scraper': 'youtube', 'keywords': ['play', 'atau', 'gubernur', 'konten', 'beberkan', 'com', 'buzzer', 'alasan', 'takut', 'said'], 'language': 'id'}",gubernur tidak langsung
SZ07Yb5dC6E,"Gerak Cepat Tanggap Banjir Halmahera Barat, Gubernur Maluku Utara Sherly Laos Turun Langsung",Download aplikasi berita TribunX di Play Store atau App Store untuk dapatkan pengalaman baru TRIBUN-VIDEO.,https://www.youtube.com/watch?v=SZ07Yb5dC6E,UCmxAIW7RDDC88EPk4ry16Kg,Tribunnews,10 jam yang lalu,0,0,0,8.00,https://i.ytimg.com/vi/SZ07Yb5dC6E/hq720.jpg?sqp=-oaymwEcCNAFEJQDSFXyq4qpAw4IARUAAIhCGAFwAcABBg==&rs=AOn4CLDnZFJIgvzzOs0hNyU2ADKLG092BQ,video,"{'scraped_at': '2026-01-08T16:43:15.092532', 'scraper': 'youtube', 'keywords': ['play', 'tribun', 'atau', 'gubernur', 'laos', 'sherly', 'aplikasi', 'gerak', 'utara', 'banjir'], 'language': 'id'}",gubernur tidak langsung
oWb_JuXesos,Siaran Langsung Piala Gubernur Kategori Eksekutif,,https://www.youtube.com/watch?v=oWb_JuXesos,UCAbyx4abvQnvovWvUOeDt7w,Sulselprov,Streaming 2 bulan yang lalu,0,0,0,4.50,https://i.ytimg.com/vi/oWb_JuXesos/hq720.jpg?sqp=-oaymwEcCNAFEJQDSFXyq4qpAw4IARUAAIhCGAFwAcABBg==&rs=AOn4CLBoEVAtvDN00gj0PIXkBdK8kvSxJQ,video,"{'scraped_at': '2026-01-08T16:43:15.092532', 'scraper': 'youtube', 'keywords': ['gubernur', 'kategori', 'piala', 'eksekutif', 'langsung', 'siaran'], 'language': 'id'}",gubernur tidak langsung
q3rD-mkwbZg,"Salah Sebut Gubernur Jabar Dedi Mulyadi jadi Ridwan Kamil, Mentan Amran: Eh, Astaghfirullah",Download aplikasi berita TribunX di Play Store atau App Store untuk dapatkan pengalaman baru SURYA.CO.ID - Ada momen ...,https://www.youtube.com/watch?v=q3rD-mkwbZg,UCdygRiDGTM9kjc-7hrrB-7Q,Harian Surya,1 hari yang lalu,0,0,0,3.16,https://i.ytimg.com/vi/q3rD-mkwbZg/hq720.jpg?sqp=-oaymwEcCNAFEJQDSFXyq4qpAw4IARUAAIhCGAFwAcABBg==&rs=AOn4CLAxNnYYBhtoHg6NJ_w9d-qSqYzTSg,video,"{'scraped_at': '2026-01-08T16:43:15.092532', 'scraper': 'youtube', 'keywords': ['play', 'atau', 'gubernur', 'jadi', 'ada', 'momen', 'astaghfirullah', 'aplikasi', 'ridwan', 'salah'], 'language': 'id'}",gubernur tidak langsung
BYr8wuaVJWQ,Gubernur Dedi Mulyadi Wajibkan Anggaran Daerah Dipajang di Medsos! shorts viral,Gubernur Jawa Barat Dedi Mulyadi membuat kebijakan yang langsung mengundang pro dan kontra. Ia dikabarkan meminta ...,https://www.youtube.com/watch?v=BYr8wuaVJWQ,UC_gJuR0I3BPESeFHFi9cSIg,Elli Ell Dhede,1 hari yang lalu,0,0,0,0.06,https://i.ytimg.com/vi/BYr8wuaVJWQ/hq720_2.jpg?sqp=-oaymwE2CNAFEJQDSFXyq4qpAygIARUAAIhCGABwAcABBvABAfgBzgWAAoAKigIMCAAQARgTIFAofzAP&rs=AOn4CLA6nD3CG_av9TXd-2WI1e71Xj9tVw,video,"{'scraped_at': '2026-01-08T16:43:15.092532', 'scraper': 'youtube', 'keywords': ['jawa', 'meminta', 'gubernur', 'dikabarkan', 'membuat', 'medsos', 'langsung', 'mulyadi', 'daerah', 'dedi'], 'language': 'id'}",gubernur tidak langsung
H4N7IcTNsWE,"OTT KPK, Gubernur Riau Langsung Digiring ke Markas Brimob [Metro Pagi Primetime]","MetroTV, KPK kembali melakukan operasi penegakan hukum. Seorang pejabat negara di Riau dikabarkan ditangkap dalam ...",https://www.youtube.com/watch?v=H4N7IcTNsWE,UCzl0OrB3-ehunyotIQvK77A,METRO TV,2 bulan yang lalu,0,0,0,6.22,https://i.ytimg.com/vi/H4N7IcTNsWE/hq720.jpg?sqp=-oaymwEcCNAFEJQDSFXyq4qpAw4IARUAAIhCGAFwAcABBg==&rs=AOn4CLA0ACjAksGC2eN2fv0tRfFlF86eSw,video,"{'scraped_at': '2026-01-08T16:43:15.092532', 'scraper': 'youtube', 'keywords': ['penegakan', 'melakukan', 'gubernur', 'dalam', 'dikabarkan', 'pagi', 'digiring', 'ditangkap', 'seorang', 'riau'], 'language': 'id'}",gubernur tidak langsung
AgPgaGdlB74,Hanya Gubernur Jabar yang langsung tanggap laporan dari masyarakat‼️shorts kdm fyp,,https://www.youtube.com/watch?v=AgPgaGdlB74,UC0H2oACTd_KB7TIIbHH6p0A,Bayu Aji,2 hari yang lalu,0,0,0,0.14,https://i.ytimg.com/vi/AgPgaGdlB74/hq720_2.jpg?sqp=-oaymwE2CNAFEJQDSFXyq4qpAygIARUAAIhCGABwAcABBvABAfgBtgiAAvQOigIMCAAQARheIGUoUzAP&rs=AOn4CLCKlGWV4Nzqm3bTfYvd2cT_CyOqpQ,video,"{'scraped_at': '2026-01-08T16:43:15.101469', 'scraper': 'youtube', 'keywords': ['jabar', 'fyp', 'kdm', 'hanya', 'gubernur', 'laporan', 'masyarakat', 'shorts', 'tanggap', 'langsung'], 'language': 'id'}",gubernur tidak langsung
tH12yXstQ2U,"Mentan Amran Salah Panggil Gubernur Jabar, Sebut Ridwan Kamil di Karawang |iNews Sore (07/01)",Menteri Pertanian Andi Amran Sulaiman jadi sorotan publik setelah salah menyebut nama Gubernur Jawa Barat saat acara ...,https://www.youtube.com/watch?v=tH12yXstQ2U,UCoSkllfpgmFHtbVK835QaQg,Official iNews,1 hari yang lalu,0,0,0,11.04,https://i.ytimg.com/vi/tH12yXstQ2U/hq720.jpg?sqp=-oaymwEcCNAFEJQDSFXyq4qpAw4IARUAAIhCGAFwAcABBg==&rs=AOn4CLALjCCgdlA-vmVG2wQlISX_7ocLfQ,video,"{'scraped_at': '2026-01-08T16:43:15.101469', 'scraper': 'youtube', 'keywords': ['jawa', 'karawang', 'gubernur', 'jadi', 'sulaiman', 'amran', 'ridwan', 'salah', 'jabar', 'kamil'], 'language': 'id'}",gubernur tidak langsung
VjAobWSr45c,"Prabowo Tiba di Aceh, Langsung Peluk Gubernur Muzakir Manaf usai Turun Pesawat","KOMPAS.TV - Presiden Prabowo Subianto kembali meninjau lokasi terdampak bencana banjir di Aceh, Minggu (7/12/2025).",https://www.youtube.com/watch?v=VjAobWSr45c,UC5BMIWZe9isJXLZZWPWvBlg,KOMPASTV,1 bulan yang lalu,0,0,0,30.19,https://i.ytimg.com/vi/VjAobWSr45c/hq720.jpg?sqp=-oaymwEcCNAFEJQDSFXyq4qpAw4IARUAAIhCGAFwAcABBg==&rs=AOn4CLCLTmcwWit1QnoaT9sZ4SGtzQ_M1w,video,"{'scraped_at': '2026-01-08T16:43:15.101469', 'scraper': 'youtube', 'keywords': ['gubernur', 'usai', 'terdampak', 'bencana', 'tiba', 'pesawat', 'kompas', 'meninjau', 'peluk', 'banjir'], 'language': 'id'}",gubernur tidak langsung
PnSb-6tGOyI,🔴 LIVE - Kejutan Fakta KPK OTT Gubernur Riau Abdul Wahid,MERDEKA.COM - Komisi Pemberantasan Korupsi (KPK) menggelar konferensi pers terkait operasi tangkap tangan (OTT) ...,https://www.youtube.com/watch?v=PnSb-6tGOyI,UCdOovgmIPfj9a-o3VP5i2_g,MerdekaDotCom,Streaming 2 bulan yang lalu,0,0,0,1.47.12,https://i.ytimg.com/vi/PnSb-6tGOyI/hq720.jpg?sqp=-oaymwEcCNAFEJQDSFXyq4qpAw4IARUAAIhCGAFwAcABBg==&rs=AOn4CLCcGMM7ly5HoGjKlutZeQRwS-q01g,video,"{'scraped_at': '2026-01-08T16:43:15.102536', 'scraper': 'youtube', 'keywords': ['gubernur', 'tangan', 'live', 'korupsi', 'com', 'riau', 'merdeka', 'wahid', 'tangkap', 'ott'], 'language': 'id'}",gubernur tidak langsung
MKaCbalRP8w,🔴LIVE - KPK Tetapkan Gubernur Riau Abdul Wahid Jadi Tersangka Dugaan Pemerasan,Komisi Pemberantasan Korupsi (KPK) menggelar konferensi pers terkait hasil Operasi Tangkap Tangan (OTT) dugaan tindak ...,https://www.youtube.com/watch?v=MKaCbalRP8w,UCPAxpUn1mrn14xU0JpsLhDg,Kompas.com,Streaming 2 bulan yang lalu,0,0,0,1.55.15,https://i.ytimg.com/vi/MKaCbalRP8w/hq720.jpg?sqp=-oaymwEcCNAFEJQDSFXyq4qpAw4IARUAAIhCGAFwAcABBg==&rs=AOn4CLDW_1-eUKDEJN0bg-11HXedC55hhg,video,"{'scraped_at': '2026-01-08T16:43:15.102536', 'scraper': 'youtube', 'keywords': ['tindak', 'gubernur', 'jadi', 'tangan', 'live', 'korupsi', 'riau', 'wahid', 'tersangka', 'tangkap'], 'language': 'id'}",gubernur tidak langsung
hAld1k8TdXE,"LIVE: Prabowo dan Gibran Bakal Tinjau Lokasi Banjir Kalsel yang Sempat Viral, Akan Beri bantuan",BANJARMASINPOST.CO.ID - Banjir yang melanda sejumlah wilayah di Kalimantan Selatan (Kalsel) kini menjadi perhatian ...,https://www.youtube.com/watch?v=hAld1k8TdXE,UC2YFZeHf0hrMaKpdjUAHq5g,Banjarmasin Post News Video,Streaming 14 jam yang lalu,0,0,0,11.54.57,https://i.ytimg.com/vi/hAld1k8TdXE/hq720.jpg?sqp=-oaymwEcCNAFEJQDSFXyq4qpAw4IARUAAIhCGAFwAcABBg==&rs=AOn4CLCJlDf1nLl_KPjTYVP1w3iQKkOahw,video,"{'scraped_at': '2026-01-08T16:43:15.102536', 'scraper': 'youtube', 'keywords': ['kalsel', 'banjarmasinpost', 'bakal', 'melanda', 'bantuan', 'kalimantan', 'menjadi', 'live', 'sempat', 'gibran'], 'language': 'id'}",gubernur tidak langsung
9SDGCaGib1o,🔴 LIVE HASIL OTT KPK GUBERNUR RIAU TIBA DI GEDUNG MERAH PUTIH KPK | 04/11,LIVE HASIL OTT KPK GUBERNUR RIAU TIBA DI GEDUNG MERAH PUTIH KPK | 04/11.,https://www.youtube.com/watch?v=9SDGCaGib1o,UCGfXjFgIUUTUUlzdG6BenXA,SINDOnews,Streaming 2 bulan yang lalu,0,0,0,28.34,https://i.ytimg.com/vi/9SDGCaGib1o/hq720.jpg?sqp=-oaymwEcCNAFEJQDSFXyq4qpAw4IARUAAIhCGAFwAcABBg==&rs=AOn4CLATCOYPNWzzcQi1VhV1DBEdPPrNPA,video,"{'scraped_at': '2026-01-08T16:43:15.103536', 'scraper': 'youtube', 'keywords': ['tiba', 'ott', 'gubernur', 'riau', 'kpk', 'merah', 'putih', 'live', 'hasil', 'gedung'], 'language': 'id'}",gubernur tidak langsung
