"author/canDm","author/canMediaTag","author/coverPicture","author/createdAt","author/description","author/entities/description/urls/0/display_url","author/entities/description/urls/0/expanded_url","author/entities/description/urls/0/indices/0","author/entities/description/urls/0/indices/1","author/entities/description/urls/0/url","author/entities/description/urls/1/display_url","author/entities/description/urls/1/expanded_url","author/entities/description/urls/1/indices/0","author/entities/description/urls/1/indices/1","author/entities/description/urls/1/url","author/entities/description/urls/2/display_url","author/entities/description/urls/2/expanded_url","author/entities/description/urls/2/indices/0","author/entities/description/urls/2/indices/1","author/entities/description/urls/2/url","author/entities/url/urls/0/display_url","author/entities/url/urls/0/expanded_url","author/entities/url/urls/0/indices/0","author/entities/url/urls/0/indices/1","author/entities/url/urls/0/url","author/fastFollowersCount","author/favouritesCount","author/followers","author/following","author/hasCustomTimelines","author/id","author/isBlueVerified","author/isTranslator","author/isVerified","author/location","author/mediaCount","author/name","author/pinnedTweetIds/0","author/possiblySensitive","author/profilePicture","author/profile_bio/description","author/profile_bio/entities/description/user_mentions/0/id_str","author/profile_bio/entities/description/user_mentions/0/indices/0","author/profile_bio/entities/description/user_mentions/0/indices/1","author/profile_bio/entities/description/user_mentions/0/name","author/profile_bio/entities/description/user_mentions/0/screen_name","author/profile_bio/entities/description/user_mentions/1/id_str","author/profile_bio/entities/description/user_mentions/1/indices/0","author/profile_bio/entities/description/user_mentions/1/indices/1","author/profile_bio/entities/description/user_mentions/1/name","author/profile_bio/entities/description/user_mentions/1/screen_name","author/profile_bio/entities/url/urls/0/display_url","author/profile_bio/entities/url/urls/0/expanded_url","author/profile_bio/entities/url/urls/0/indices/0","author/profile_bio/entities/url/urls/0/indices/1","author/profile_bio/entities/url/urls/0/url","author/status","author/statusesCount","author/twitterUrl","author/type","author/url","author/userName","bookmarkCount","card","conversationId","createdAt","entities/urls/0/display_url","entities/urls/0/expanded_url","entities/urls/0/indices/0","entities/urls/0/indices/1","entities/urls/0/url","entities/user_mentions/0/id_str","entities/user_mentions/0/indices/0","entities/user_mentions/0/indices/1","entities/user_mentions/0/name","entities/user_mentions/0/screen_name","entities/user_mentions/1/id_str","entities/user_mentions/1/indices/0","entities/user_mentions/1/indices/1","entities/user_mentions/1/name","entities/user_mentions/1/screen_name","extendedEntities/media/0/display_url","extendedEntities/media/0/expanded_url","extendedEntities/media/0/ext_media_availability/status","extendedEntities/media/0/id_str","extendedEntities/media/0/indices/0","extendedEntities/media/0/indices/1","extendedEntities/media/0/media_key","extendedEntities/media/0/media_results/id","extendedEntities/media/0/media_results/result/__typename","extendedEntities/media/0/media_results/result/id","extendedEntities/media/0/media_results/result/media_key","extendedEntities/media/0/media_url_https","extendedEntities/media/0/original_info/focus_rects/0/h","extendedEntities/media/0/original_info/focus_rects/0/w","extendedEntities/media/0/original_info/focus_rects/0/x","extendedEntities/media/0/original_info/focus_rects/0/y","extendedEntities/media/0/original_info/focus_rects/1/h","extendedEntities/media/0/original_info/focus_rects/1/w","extendedEntities/media/0/original_info/focus_rects/1/x","extendedEntities/media/0/original_info/focus_rects/1/y","extendedEntities/media/0/original_info/focus_rects/2/h","extendedEntities/media/0/original_info/focus_rects/2/w","extendedEntities/media/0/original_info/focus_rects/2/x","extendedEntities/media/0/original_info/focus_rects/2/y","extendedEntities/media/0/original_info/focus_rects/3/h","extendedEntities/media/0/original_info/focus_rects/3/w","extendedEntities/media/0/original_info/focus_rects/3/x","extendedEntities/media/0/original_info/focus_rects/3/y","extendedEntities/media/0/original_info/focus_rects/4/h","extendedEntities/media/0/original_info/focus_rects/4/w","extendedEntities/media/0/original_info/focus_rects/4/x","extendedEntities/media/0/original_info/focus_rects/4/y","extendedEntities/media/0/original_info/height","extendedEntities/media/0/original_info/width","extendedEntities/media/0/sizes/large/h","extendedEntities/media/0/sizes/large/w","extendedEntities/media/0/type","extendedEntities/media/0/url","id","inReplyToId","inReplyToUserId","inReplyToUsername","isConversationControlled","isPinned","isQuote","isReply","isRetweet","lang","likeCount","quoteCount","quoted_tweet","quoted_tweet/author/canDm","quoted_tweet/author/canMediaTag","quoted_tweet/author/coverPicture","quoted_tweet/author/createdAt","quoted_tweet/author/description","quoted_tweet/author/fastFollowersCount","quoted_tweet/author/favouritesCount","quoted_tweet/author/followers","quoted_tweet/author/following","quoted_tweet/author/hasCustomTimelines","quoted_tweet/author/id","quoted_tweet/author/isBlueVerified","quoted_tweet/author/isTranslator","quoted_tweet/author/isVerified","quoted_tweet/author/location","quoted_tweet/author/mediaCount","quoted_tweet/author/name","quoted_tweet/author/pinnedTweetIds/0","quoted_tweet/author/possiblySensitive","quoted_tweet/author/profilePicture","quoted_tweet/author/profile_bio/description","quoted_tweet/author/profile_bio/entities/description/hashtags/0/indices/0","quoted_tweet/author/profile_bio/entities/description/hashtags/0/indices/1","quoted_tweet/author/profile_bio/entities/description/hashtags/0/text","quoted_tweet/author/profile_bio/entities/description/hashtags/1/indices/0","quoted_tweet/author/profile_bio/entities/description/hashtags/1/indices/1","quoted_tweet/author/profile_bio/entities/description/hashtags/1/text","quoted_tweet/author/profile_bio/entities/description/user_mentions/0/id_str","quoted_tweet/author/profile_bio/entities/description/user_mentions/0/indices/0","quoted_tweet/author/profile_bio/entities/description/user_mentions/0/indices/1","quoted_tweet/author/profile_bio/entities/description/user_mentions/0/name","quoted_tweet/author/profile_bio/entities/description/user_mentions/0/screen_name","quoted_tweet/author/profile_bio/entities/url/urls/0/display_url","quoted_tweet/author/profile_bio/entities/url/urls/0/expanded_url","quoted_tweet/author/profile_bio/entities/url/urls/0/indices/0","quoted_tweet/author/profile_bio/entities/url/urls/0/indices/1","quoted_tweet/author/profile_bio/entities/url/urls/0/url","quoted_tweet/author/status","quoted_tweet/author/statusesCount","quoted_tweet/author/twitterUrl","quoted_tweet/author/type","quoted_tweet/author/url","quoted_tweet/author/userName","quoted_tweet/bookmarkCount","quoted_tweet/card","quoted_tweet/conversationId","quoted_tweet/createdAt","quoted_tweet/extendedEntities/media/0/allow_download_status/allow_download","quoted_tweet/extendedEntities/media/0/display_url","quoted_tweet/extendedEntities/media/0/expanded_url","quoted_tweet/extendedEntities/media/0/ext_media_availability/status","quoted_tweet/extendedEntities/media/0/features/large/faces/0/h","quoted_tweet/extendedEntities/media/0/features/large/faces/0/w","quoted_tweet/extendedEntities/media/0/features/large/faces/0/x","quoted_tweet/extendedEntities/media/0/features/large/faces/0/y","quoted_tweet/extendedEntities/media/0/features/large/faces/1/h","quoted_tweet/extendedEntities/media/0/features/large/faces/1/w","quoted_tweet/extendedEntities/media/0/features/large/faces/1/x","quoted_tweet/extendedEntities/media/0/features/large/faces/1/y","quoted_tweet/extendedEntities/media/0/features/large/faces/2/h","quoted_tweet/extendedEntities/media/0/features/large/faces/2/w","quoted_tweet/extendedEntities/media/0/features/large/faces/2/x","quoted_tweet/extendedEntities/media/0/features/large/faces/2/y","quoted_tweet/extendedEntities/media/0/features/orig/faces/0/h","quoted_tweet/extendedEntities/media/0/features/orig/faces/0/w","quoted_tweet/extendedEntities/media/0/features/orig/faces/0/x","quoted_tweet/extendedEntities/media/0/features/orig/faces/0/y","quoted_tweet/extendedEntities/media/0/features/orig/faces/1/h","quoted_tweet/extendedEntities/media/0/features/orig/faces/1/w","quoted_tweet/extendedEntities/media/0/features/orig/faces/1/x","quoted_tweet/extendedEntities/media/0/features/orig/faces/1/y","quoted_tweet/extendedEntities/media/0/features/orig/faces/2/h","quoted_tweet/extendedEntities/media/0/features/orig/faces/2/w","quoted_tweet/extendedEntities/media/0/features/orig/faces/2/x","quoted_tweet/extendedEntities/media/0/features/orig/faces/2/y","quoted_tweet/extendedEntities/media/0/id_str","quoted_tweet/extendedEntities/media/0/indices/0","quoted_tweet/extendedEntities/media/0/indices/1","quoted_tweet/extendedEntities/media/0/media_key","quoted_tweet/extendedEntities/media/0/media_results/id","quoted_tweet/extendedEntities/media/0/media_results/result/__typename","quoted_tweet/extendedEntities/media/0/media_results/result/id","quoted_tweet/extendedEntities/media/0/media_results/result/media_key","quoted_tweet/extendedEntities/media/0/media_url_https","quoted_tweet/extendedEntities/media/0/original_info/focus_rects/0/h","quoted_tweet/extendedEntities/media/0/original_info/focus_rects/0/w","quoted_tweet/extendedEntities/media/0/original_info/focus_rects/0/x","quoted_tweet/extendedEntities/media/0/original_info/focus_rects/0/y","quoted_tweet/extendedEntities/media/0/original_info/focus_rects/1/h","quoted_tweet/extendedEntities/media/0/original_info/focus_rects/1/w","quoted_tweet/extendedEntities/media/0/original_info/focus_rects/1/x","quoted_tweet/extendedEntities/media/0/original_info/focus_rects/1/y","quoted_tweet/extendedEntities/media/0/original_info/focus_rects/2/h","quoted_tweet/extendedEntities/media/0/original_info/focus_rects/2/w","quoted_tweet/extendedEntities/media/0/original_info/focus_rects/2/x","quoted_tweet/extendedEntities/media/0/original_info/focus_rects/2/y","quoted_tweet/extendedEntities/media/0/original_info/focus_rects/3/h","quoted_tweet/extendedEntities/media/0/original_info/focus_rects/3/w","quoted_tweet/extendedEntities/media/0/original_info/focus_rects/3/x","quoted_tweet/extendedEntities/media/0/original_info/focus_rects/3/y","quoted_tweet/extendedEntities/media/0/original_info/focus_rects/4/h","quoted_tweet/extendedEntities/media/0/original_info/focus_rects/4/w","quoted_tweet/extendedEntities/media/0/original_info/focus_rects/4/x","quoted_tweet/extendedEntities/media/0/original_info/focus_rects/4/y","quoted_tweet/extendedEntities/media/0/original_info/height","quoted_tweet/extendedEntities/media/0/original_info/width","quoted_tweet/extendedEntities/media/0/sizes/large/h","quoted_tweet/extendedEntities/media/0/sizes/large/w","quoted_tweet/extendedEntities/media/0/type","quoted_tweet/extendedEntities/media/0/url","quoted_tweet/id","quoted_tweet/inReplyToId","quoted_tweet/inReplyToUserId","quoted_tweet/inReplyToUsername","quoted_tweet/isConversationControlled","quoted_tweet/isPinned","quoted_tweet/isReply","quoted_tweet/lang","quoted_tweet/likeCount","quoted_tweet/quoteCount","quoted_tweet/quoted_tweet","quoted_tweet/quoted_tweet/bookmarkCount","quoted_tweet/quoted_tweet/card","quoted_tweet/quoted_tweet/conversationId","quoted_tweet/quoted_tweet/createdAt","quoted_tweet/quoted_tweet/id","quoted_tweet/quoted_tweet/inReplyToId","quoted_tweet/quoted_tweet/inReplyToUserId","quoted_tweet/quoted_tweet/inReplyToUsername","quoted_tweet/quoted_tweet/isConversationControlled","quoted_tweet/quoted_tweet/isPinned","quoted_tweet/quoted_tweet/isReply","quoted_tweet/quoted_tweet/lang","quoted_tweet/quoted_tweet/likeCount","quoted_tweet/quoted_tweet/quoteCount","quoted_tweet/quoted_tweet/quoted_tweet","quoted_tweet/quoted_tweet/quoted_tweet_results","quoted_tweet/quoted_tweet/replyCount","quoted_tweet/quoted_tweet/reply_to_user_results","quoted_tweet/quoted_tweet/retweetCount","quoted_tweet/quoted_tweet/retweeted_tweet","quoted_tweet/quoted_tweet/source","quoted_tweet/quoted_tweet/text","quoted_tweet/quoted_tweet/twitterUrl","quoted_tweet/quoted_tweet/type","quoted_tweet/quoted_tweet/url","quoted_tweet/quoted_tweet/viewCount","quoted_tweet/quoted_tweet_results","quoted_tweet/quoted_tweet_results/rest_id","quoted_tweet/quoted_tweet_results/result/__typename","quoted_tweet/quoted_tweet_results/result/rest_id","quoted_tweet/replyCount","quoted_tweet/reply_to_user_results","quoted_tweet/retweetCount","quoted_tweet/retweeted_tweet","quoted_tweet/source","quoted_tweet/text","quoted_tweet/twitterUrl","quoted_tweet/type","quoted_tweet/url","quoted_tweet/viewCount","quoted_tweet_results","quoted_tweet_results/rest_id","quoted_tweet_results/result/__typename","quoted_tweet_results/result/core/user_results/rest_id","quoted_tweet_results/result/core/user_results/result/__typename","quoted_tweet_results/result/core/user_results/result/action_counts/favorites_count","quoted_tweet_results/result/core/user_results/result/avatar/image_url","quoted_tweet_results/result/core/user_results/result/banner/image_url","quoted_tweet_results/result/core/user_results/result/core/created_at","quoted_tweet_results/result/core/user_results/result/core/name","quoted_tweet_results/result/core/user_results/result/core/screen_name","quoted_tweet_results/result/core/user_results/result/dm_permissions/can_dm","quoted_tweet_results/result/core/user_results/result/exclusive_tweet_following","quoted_tweet_results/result/core/user_results/result/location/location","quoted_tweet_results/result/core/user_results/result/media_permissions/can_media_tag","quoted_tweet_results/result/core/user_results/result/pinned_items/tweet_ids_str/0","quoted_tweet_results/result/core/user_results/result/private_super_following","quoted_tweet_results/result/core/user_results/result/profile_bio/description","quoted_tweet_results/result/core/user_results/result/profile_bio/entities/description/hashtags/0/indices/0","quoted_tweet_results/result/core/user_results/result/profile_bio/entities/description/hashtags/0/indices/1","quoted_tweet_results/result/core/user_results/result/profile_bio/entities/description/hashtags/0/text","quoted_tweet_results/result/core/user_results/result/profile_bio/entities/description/hashtags/1/indices/0","quoted_tweet_results/result/core/user_results/result/profile_bio/entities/description/hashtags/1/indices/1","quoted_tweet_results/result/core/user_results/result/profile_bio/entities/description/hashtags/1/text","quoted_tweet_results/result/core/user_results/result/profile_bio/entities/description/user_mentions/0/id_str","quoted_tweet_results/result/core/user_results/result/profile_bio/entities/description/user_mentions/0/indices/0","quoted_tweet_results/result/core/user_results/result/profile_bio/entities/description/user_mentions/0/indices/1","quoted_tweet_results/result/core/user_results/result/profile_bio/entities/description/user_mentions/0/name","quoted_tweet_results/result/core/user_results/result/profile_bio/entities/description/user_mentions/0/screen_name","quoted_tweet_results/result/core/user_results/result/profile_bio/entities/url/urls/0/display_url","quoted_tweet_results/result/core/user_results/result/profile_bio/entities/url/urls/0/expanded_url","quoted_tweet_results/result/core/user_results/result/profile_bio/entities/url/urls/0/indices/0","quoted_tweet_results/result/core/user_results/result/profile_bio/entities/url/urls/0/indices/1","quoted_tweet_results/result/core/user_results/result/profile_bio/entities/url/urls/0/url","quoted_tweet_results/result/core/user_results/result/profile_metadata/profile_interstitial_type","quoted_tweet_results/result/core/user_results/result/profile_metadata/profile_link_color","quoted_tweet_results/result/core/user_results/result/profile_translation/translator_type_enum","quoted_tweet_results/result/core/user_results/result/properties/has_extended_profile","quoted_tweet_results/result/core/user_results/result/relationship_counts/followers","quoted_tweet_results/result/core/user_results/result/relationship_counts/following","quoted_tweet_results/result/core/user_results/result/rest_id","quoted_tweet_results/result/core/user_results/result/super_follow_eligible","quoted_tweet_results/result/core/user_results/result/super_followed_by","quoted_tweet_results/result/core/user_results/result/super_following","quoted_tweet_results/result/core/user_results/result/tweet_counts/media_tweets","quoted_tweet_results/result/core/user_results/result/tweet_counts/tweets","quoted_tweet_results/result/core/user_results/result/verification/is_blue_verified","quoted_tweet_results/result/core/user_results/result/website/url","quoted_tweet_results/result/edit_control/__typename","quoted_tweet_results/result/edit_control/edit_tweet_ids/0","quoted_tweet_results/result/edit_control/editable_until_msecs","quoted_tweet_results/result/edit_control/edits_remaining","quoted_tweet_results/result/edit_control/is_edit_eligible","quoted_tweet_results/result/is_translatable","quoted_tweet_results/result/legacy/bookmark_count","quoted_tweet_results/result/legacy/conversation_id_str","quoted_tweet_results/result/legacy/created_at","quoted_tweet_results/result/legacy/display_text_range/0","quoted_tweet_results/result/legacy/display_text_range/1","quoted_tweet_results/result/legacy/extended_entities/media/0/allow_download_status/allow_download","quoted_tweet_results/result/legacy/extended_entities/media/0/display_url","quoted_tweet_results/result/legacy/extended_entities/media/0/expanded_url","quoted_tweet_results/result/legacy/extended_entities/media/0/ext_media_availability/status","quoted_tweet_results/result/legacy/extended_entities/media/0/features/large/faces/0/h","quoted_tweet_results/result/legacy/extended_entities/media/0/features/large/faces/0/w","quoted_tweet_results/result/legacy/extended_entities/media/0/features/large/faces/0/x","quoted_tweet_results/result/legacy/extended_entities/media/0/features/large/faces/0/y","quoted_tweet_results/result/legacy/extended_entities/media/0/features/large/faces/1/h","quoted_tweet_results/result/legacy/extended_entities/media/0/features/large/faces/1/w","quoted_tweet_results/result/legacy/extended_entities/media/0/features/large/faces/1/x","quoted_tweet_results/result/legacy/extended_entities/media/0/features/large/faces/1/y","quoted_tweet_results/result/legacy/extended_entities/media/0/features/large/faces/2/h","quoted_tweet_results/result/legacy/extended_entities/media/0/features/large/faces/2/w","quoted_tweet_results/result/legacy/extended_entities/media/0/features/large/faces/2/x","quoted_tweet_results/result/legacy/extended_entities/media/0/features/large/faces/2/y","quoted_tweet_results/result/legacy/extended_entities/media/0/features/orig/faces/0/h","quoted_tweet_results/result/legacy/extended_entities/media/0/features/orig/faces/0/w","quoted_tweet_results/result/legacy/extended_entities/media/0/features/orig/faces/0/x","quoted_tweet_results/result/legacy/extended_entities/media/0/features/orig/faces/0/y","quoted_tweet_results/result/legacy/extended_entities/media/0/features/orig/faces/1/h","quoted_tweet_results/result/legacy/extended_entities/media/0/features/orig/faces/1/w","quoted_tweet_results/result/legacy/extended_entities/media/0/features/orig/faces/1/x","quoted_tweet_results/result/legacy/extended_entities/media/0/features/orig/faces/1/y","quoted_tweet_results/result/legacy/extended_entities/media/0/features/orig/faces/2/h","quoted_tweet_results/result/legacy/extended_entities/media/0/features/orig/faces/2/w","quoted_tweet_results/result/legacy/extended_entities/media/0/features/orig/faces/2/x","quoted_tweet_results/result/legacy/extended_entities/media/0/features/orig/faces/2/y","quoted_tweet_results/result/legacy/extended_entities/media/0/id_str","quoted_tweet_results/result/legacy/extended_entities/media/0/indices/0","quoted_tweet_results/result/legacy/extended_entities/media/0/indices/1","quoted_tweet_results/result/legacy/extended_entities/media/0/media_key","quoted_tweet_results/result/legacy/extended_entities/media/0/media_results/id","quoted_tweet_results/result/legacy/extended_entities/media/0/media_results/result/__typename","quoted_tweet_results/result/legacy/extended_entities/media/0/media_results/result/id","quoted_tweet_results/result/legacy/extended_entities/media/0/media_results/result/media_key","quoted_tweet_results/result/legacy/extended_entities/media/0/media_url_https","quoted_tweet_results/result/legacy/extended_entities/media/0/original_info/focus_rects/0/h","quoted_tweet_results/result/legacy/extended_entities/media/0/original_info/focus_rects/0/w","quoted_tweet_results/result/legacy/extended_entities/media/0/original_info/focus_rects/0/x","quoted_tweet_results/result/legacy/extended_entities/media/0/original_info/focus_rects/0/y","quoted_tweet_results/result/legacy/extended_entities/media/0/original_info/focus_rects/1/h","quoted_tweet_results/result/legacy/extended_entities/media/0/original_info/focus_rects/1/w","quoted_tweet_results/result/legacy/extended_entities/media/0/original_info/focus_rects/1/x","quoted_tweet_results/result/legacy/extended_entities/media/0/original_info/focus_rects/1/y","quoted_tweet_results/result/legacy/extended_entities/media/0/original_info/focus_rects/2/h","quoted_tweet_results/result/legacy/extended_entities/media/0/original_info/focus_rects/2/w","quoted_tweet_results/result/legacy/extended_entities/media/0/original_info/focus_rects/2/x","quoted_tweet_results/result/legacy/extended_entities/media/0/original_info/focus_rects/2/y","quoted_tweet_results/result/legacy/extended_entities/media/0/original_info/focus_rects/3/h","quoted_tweet_results/result/legacy/extended_entities/media/0/original_info/focus_rects/3/w","quoted_tweet_results/result/legacy/extended_entities/media/0/original_info/focus_rects/3/x","quoted_tweet_results/result/legacy/extended_entities/media/0/original_info/focus_rects/3/y","quoted_tweet_results/result/legacy/extended_entities/media/0/original_info/focus_rects/4/h","quoted_tweet_results/result/legacy/extended_entities/media/0/original_info/focus_rects/4/w","quoted_tweet_results/result/legacy/extended_entities/media/0/original_info/focus_rects/4/x","quoted_tweet_results/result/legacy/extended_entities/media/0/original_info/focus_rects/4/y","quoted_tweet_results/result/legacy/extended_entities/media/0/original_info/height","quoted_tweet_results/result/legacy/extended_entities/media/0/original_info/width","quoted_tweet_results/result/legacy/extended_entities/media/0/sizes/large/h","quoted_tweet_results/result/legacy/extended_entities/media/0/sizes/large/w","quoted_tweet_results/result/legacy/extended_entities/media/0/type","quoted_tweet_results/result/legacy/extended_entities/media/0/url","quoted_tweet_results/result/legacy/favorite_count","quoted_tweet_results/result/legacy/full_text","quoted_tweet_results/result/legacy/is_quote_status","quoted_tweet_results/result/legacy/lang","quoted_tweet_results/result/legacy/possibly_sensitive_editable","quoted_tweet_results/result/legacy/quote_count","quoted_tweet_results/result/legacy/quoted_status_id_str","quoted_tweet_results/result/legacy/quoted_status_permalink/display","quoted_tweet_results/result/legacy/quoted_status_permalink/expanded","quoted_tweet_results/result/legacy/quoted_status_permalink/url","quoted_tweet_results/result/legacy/reply_count","quoted_tweet_results/result/legacy/retweet_count","quoted_tweet_results/result/legacy/user_id_str","quoted_tweet_results/result/quoted_tweet_results/rest_id","quoted_tweet_results/result/quoted_tweet_results/result/__typename","quoted_tweet_results/result/quoted_tweet_results/result/rest_id","quoted_tweet_results/result/rest_id","quoted_tweet_results/result/unmention_data/id","quoted_tweet_results/result/view_count_info/count","quoted_tweet_results/result/view_count_info/state","replyCount","reply_to_user_results","reply_to_user_results/rest_id","reply_to_user_results/result/__typename","reply_to_user_results/result/core/screen_name","reply_to_user_results/result/rest_id","retweetCount","retweeted_tweet","source","text","twitterUrl","type","url","viewCount"
"true","true","https://pbs.twimg.com/profile_banners/1557182798888198144/1759556544","Wed Aug 10 01:52:08 +0000 2022","(by default) berprasangka baik namun kritis pada kebijakan  pemerintah, siapapun presiden nya",,,,,,,,,,,,,,,,,,,,,"0","1558","1438","737","false","1557182798888198144","true","false","false","Jakarta","88","logika sederhana","2005952239416783218","false","https://pbs.twimg.com/profile_images/2008469856098861056/FbC2Y3Jy_normal.jpg",,,,,,,,,,,,,,,,,"","7896","https://twitter.com/nalar_logis","user","https://x.com/nalar_logis","nalar_logis","2",,"2008455670451106062","Tue Jan 06 11:55:33 +0000 2026","twitter.com/i/web/status/2…","https://twitter.com/i/web/status/2008507726905962737","293","316","https://t.co/YnLfJ4ufsD","57222373","0","11","gitaputrid","gitaputrid",,,,,,,,,,,,,,,,,,,,,,,,,,,,,,,,,,,,,,,,,,,,"2008507726905962737","2008455670451106062","57222373","gitaputrid","false","false","false","true","false","in","0","1",,,,,,,,,,,,,,,,,,,,,,,,,,,,,,,,,,,,,,,,,,,,,,,,,,,,,,,,,,,,,,,,,,,,,,,,,,,,,,,,,,,,,,,,,,,,,,,,,,,,,,,,,,,,,,,,,,,,,,,,,,,,,,,,,,,,,,,,,,,,,,,,,,,,,,,,,,,,,,,,,,,,,,,,,,,,,,,,,,,,,,,,,,,,,,,,,,,,,,,,,,,,,,,,,,,,,,,,,,,,,,,,,,,,,,,,,,,,,,,,,,,,,,,,,,,,,,,,,,,,,,,,,,,,,,,,,,,,,,,,,,,,,,,,,,,,,,,,,,,,,,,,,"13",,,,,,"2",,"<a href=""https://mobile.twitter.com"" rel=""nofollow"">Twitter Web App</a>","Nope, saya berbeda pendapat

Bila boleh berandai-andai, misalkan saja undang undang pemilihan kepala daerah oleh DPRD tahun 2014 itu tidak dibatalkan melalui mekanisme Perppu oleh presiden, maka pada tahun 2017 gubernur DKI Jakarta akan dipilih oleh DPRD

Andaikan tahun 2017 itu gubernur jakarta dipilih oleh DPRD maka kejadian ""pilkada brutal"" di Jakarta tahun 2017 saat itu tidak akan terjadi

Andai pilkada brutal di DKI Jakarta tahun 2017 itu tidak terjadi => Tidak akan ada POLARISASI RAKYAT yg begitu merusak yg dampaknya terus berkepanjangan sampai sekarang","https://twitter.com/nalar_logis/status/2008507726905962737","tweet","https://x.com/nalar_logis/status/2008507726905962737","2682"
"true","true","https://pbs.twimg.com/profile_banners/208784759/1434378976","Wed Oct 27 23:12:36 +0000 2010","Founder TK - SD - SMP - SMA - UIGM, STEBIS IGM, AL IHSANIA. Inisiator YP3I. https://t.co/k09pbUyV2Q ; https://t.co/pIX0Q17riK ; https://t.co/CK5ZQylQFW","igm.ac.id","http://www.igm.ac.id","76","99","https://t.co/k09pbUyV2Q","yp3i.or.id","http://yp3i.or.id/","102","125","https://t.co/pIX0Q17riK","uigm.ac.id","http://www.uigm.ac.id","128","151","https://t.co/CK5ZQylQFW","marzukialie.com","http://marzukialie.com","0","23","https://t.co/faTQn3JqdM","0","520","362828","884","false","208784759","false","false","false","Jakarta - Indonesia","702","Marzuki Alie Dr.H.",,"false","https://pbs.twimg.com/profile_images/1347477419083485185/5qLjpA7p_normal.jpg",,,,,,,,,,,,,,,,,"","31436","https://twitter.com/marzukialie_MA","user","https://x.com/marzukialie_MA","marzukialie_MA","6",,"2007477128678211936","Sat Jan 03 15:40:19 +0000 2026",,,,,,,,,,,,,,,,,,,,,,,,,,,,,,,,,,,,,,,,,,,,,,,,,,,,,,"2007477128678211936",,"","","false","false","false","false","false","in","15","9",,,,,,,,,,,,,,,,,,,,,,,,,,,,,,,,,,,,,,,,,,,,,,,,,,,,,,,,,,,,,,,,,,,,,,,,,,,,,,,,,,,,,,,,,,,,,,,,,,,,,,,,,,,,,,,,,,,,,,,,,,,,,,,,,,,,,,,,,,,,,,,,,,,,,,,,,,,,,,,,,,,,,,,,,,,,,,,,,,,,,,,,,,,,,,,,,,,,,,,,,,,,,,,,,,,,,,,,,,,,,,,,,,,,,,,,,,,,,,,,,,,,,,,,,,,,,,,,,,,,,,,,,,,,,,,,,,,,,,,,,,,,,,,,,,,,,,,,,,,,,,,,,"22",,,,,,"9",,"<a href=""http://twitter.com/download/iphone"" rel=""nofollow"">Twitter for iPhone</a>","Pemilukada bupati/wako/gubernur selalu menjadi perdebatan antara dipilih langsung oleh rakyat dengan pemilihan lewat dprd. Apakah keduanya diperkenankan menurut konstitusi ? Keduanya Konstitusional, artinya pemilihan langsung oleh rakyat atau rakyat memilih anggota dprd, ang dprd","https://twitter.com/marzukialie_MA/status/2007477128678211936","tweet","https://x.com/marzukialie_MA/status/2007477128678211936","27078"
"false","true","https://pbs.twimg.com/profile_banners/1823049256737071104/1741905187","Mon Aug 12 17:30:04 +0000 2024","",,,,,,,,,,,,,,,,,,,,,"0","331750","3621","1063","true","1823049256737071104","false","false","false","","1536","Donna",,"false","https://pbs.twimg.com/profile_images/1900313890333814784/TsVnrjvT_normal.jpg","",,,,,,,,,,,,,,,,"","303898","https://twitter.com/donna094629","user","https://x.com/donna094629","donna094629","0",,"2009346565732020507","Thu Jan 08 19:28:47 +0000 2026",,,,,,,,,,,,,,,,,,,,,,,,,,,,,,,,,,,,,,,,,,,,,,,,,,,,,,"2009346565732020507",,,,"false","false",,"false",,"en","0","0",,"true","false","https://pbs.twimg.com/profile_banners/88016448/1721018627","Fri Nov 06 19:42:22 +0000 2009","","0","143171","67136","8306","true","88016448","true","false","false","Tennessee","2262","Joshua Reed Eakle 🗽","1967034398336803155","false","https://pbs.twimg.com/profile_images/1944954762002042881/HrGA65JB_normal.jpg","Once on the right, now Liberal. Fighting for a free and open society with @ProjectLiberal. Husband and father. Views are my own.",,,,,,,"0","74","89","","ProjectLiberal","joshuaeakle.com","http://joshuaeakle.com","0","23","https://t.co/DAFbXDYnth","","6734","https://twitter.com/JoshEakle","user","https://x.com/JoshEakle","JoshEakle","2773",,"2009061040424902807","Thu Jan 08 00:34:13 +0000 2026","true","pic.twitter.com/49dYfDeYO3","https://twitter.com/JoshEakle/status/2009061040424902807/photo/1","Available","133","133","81","459","163","163","497","418","167","167","419","1008","133","133","81","459","163","163","497","418","167","167","419","1008","2009060864058368002","141","164","3_2009060864058368002","QXBpTWVkaWFSZXN1bHRzOgwAAQoAARvhnjYeVqACCgACG+GeXy6aYJcAAA==","ApiMedia","QXBpTWVkaWE6DAABCgABG+GeNh5WoAIKAAIb4Z5fLppglwAA","3_2009060864058368002","https://pbs.twimg.com/media/G-GeNh5WoAIe8HF.jpg","675","1206","0","175","1188","1188","18","0","1188","1042","112","0","1188","594","336","0","1188","1206","0","0","1188","1206","1188","1206","photo","https://t.co/49dYfDeYO3","2009061040424902807",,,,"false","false","false","en","91012","646",,,,,,,,,,,,,,,,,,,,,,,,,,,,,,,,"2328",,"22558",,"","This was Border Chief Gregory Bovino’s face moments after the murder of Renee Good, a mother of three.

Absolutely abhorrent levels of evil. https://t.co/49dYfDeYO3","https://twitter.com/JoshEakle/status/2009061040424902807","tweet","https://x.com/JoshEakle/status/2009061040424902807","1529150",,"2009061040424902807","Tweet","88016448","User","143171","https://pbs.twimg.com/profile_images/1944954762002042881/HrGA65JB_normal.jpg","https://pbs.twimg.com/profile_banners/88016448/1721018627","Fri Nov 06 19:42:22 +0000 2009","Joshua Reed Eakle 🗽","JoshEakle","true","false","Tennessee","false","1967034398336803155","false","Once on the right, now Liberal. Fighting for a free and open society with @ProjectLiberal. Husband and father. Views are my own.",,,,,,,"0","74","89","","ProjectLiberal","joshuaeakle.com","http://joshuaeakle.com","0","23","https://t.co/DAFbXDYnth","","89C9FA","None","true","67136","8306","88016448","true","false","false","2262","6734","true","https://t.co/DAFbXDYnth","EditControlInitial","2009061040424902807","1767836053000","5","true","false","2773","2009061040424902807","Thu Jan 08 00:34:13 +0000 2026","0","140","true","pic.twitter.com/49dYfDeYO3","https://twitter.com/JoshEakle/status/2009061040424902807/photo/1","Available","133","133","81","459","163","163","497","418","167","167","419","1008","133","133","81","459","163","163","497","418","167","167","419","1008","2009060864058368002","141","164","3_2009060864058368002","QXBpTWVkaWFSZXN1bHRzOgwAAQoAARvhnjYeVqACCgACG+GeXy6aYJcAAA==","ApiMedia","QXBpTWVkaWE6DAABCgABG+GeNh5WoAIKAAIb4Z5fLppglwAA","3_2009060864058368002","https://pbs.twimg.com/media/G-GeNh5WoAIe8HF.jpg","675","1206","0","175","1188","1188","18","0","1188","1042","112","0","1188","594","336","0","1188","1206","0","0","1188","1206","1188","1206","photo","https://t.co/49dYfDeYO3","91012","This was Border Chief Gregory Bovino’s face moments after the murder of Renee Good, a mother of three.

Absolutely abhorrent levels of evil. https://t.co/49dYfDeYO3",,"en","true","646",,,,,"2328","22558","88016448",,,,"2009061040424902807","VW5tZW50aW9uczoKAAEb4Z5fLppglw8AAgoAAAAAAA==","1529150","EnabledWithCount","0",,,,,,"0",,"","AND. SO WHAT. DID YOU LISTEN TO CONVERSATION.","https://twitter.com/donna094629/status/2009346565732020507","tweet","https://x.com/donna094629/status/2009346565732020507","3"
"true","true","https://pbs.twimg.com/profile_banners/1797285889208438784/1762125214","Sun Jun 02 15:15:29 +0000 2024","",,,,,,,,,,,,,,,,,,,,,"0","20013","681","661","true","1797285889208438784","false","false","false","ᥫ᭡ @𝗖𝗛𝗥0𝗠3_𝗗0𝗠𝗘,","6266","━ 𝐓𝐇𝐄 𝓟𝐇𝐀𝐍𝐓🎱𝐌. ˊ-","1904633908718661921","false","https://pbs.twimg.com/profile_images/1985772335576612864/041P_UBC_normal.jpg","⠀⠀⠀⠀DESPITE 𝓔𝑽𝑬𝑹𝒀𝙏𝙃𝙄𝙉𝙂 𝘌𝘓𝘚𝘌,   ⠀    ⠀⠀ ⠀  ⠀ ⠀⠀⠀⠀⠀⠀⠀⠀⠀⠀⠀  IT'S 𝓤𝑵𝑫𝑬𝑵𝑰𝑨𝑩𝑳𝒀  𝗠͟𝗘  ֶָ֢ ᐟ",,,,,,,,,,,"Youˊre⠀a⠀load⠀of⠀troubleˏ⠀yknow⠀that.ᐣ","http://xn--Yourealoadoftroubleyknowthat-w4nxl6014jbaecif.xn--wde","0","23","https://t.co/e2hreuUJYU","","51937","https://twitter.com/CALLSH0T","user","https://x.com/CALLSH0T","CALLSH0T","0",,"2009030289582903734","Wed Jan 07 22:32:01 +0000 2026",,,,,,,,,,,,,,,,"pic.twitter.com/fNbusfAmmS","https://twitter.com/CALLSH0T/status/2009030289582903734/photo/1","Available","2009030286877556736","64","87","3_2009030286877556736","QXBpTWVkaWFSZXN1bHRzOgwAAQoAARvhgmbQVoAACgACG+GCZ3GW0bYAAA==","ApiMedia","QXBpTWVkaWE6DAABCgABG+GCZtBWgAAKAAIb4YJncZbRtgAA","3_2009030286877556736","https://pbs.twimg.com/media/G-GCZtBWgAAG-95.jpg","174","311","0","138","311","311","0","1","312","274","11","0","312","156","70","0","312","311","0","0","312","311","312","311","photo","https://t.co/fNbusfAmmS","2009030289582903734",,,,"false","false",,"false",,"en","0","1",,"true","true","https://pbs.twimg.com/profile_banners/1978912680221249537/1766189669","Thu Oct 16 19:55:35 +0000 2025","","0","460","110","148","true","1978912680221249537","false","false","false","WAY OUT .ᐟ.ᐟ","33","—- CASSINI .ᐟ.ᐟ","2002174986736546231","false","https://pbs.twimg.com/profile_images/2002169771089940480/T8JybzTC_normal.png","⠀⠀ —— oh won’t you give us a sign , give us a sign , that we’ve reached you .ᐣ ✨ #OCRP / #MVRP . 💫","81","86","OCRP","89","94","MVRP",,,,,,"intheSTARS.✰","http://intheSTARS.xn--8ci/","0","23","https://t.co/Mn3NmiNIC5","","674","https://twitter.com/CASSINlHUYGENS","user","https://x.com/CASSINlHUYGENS","CASSINlHUYGENS","0",,"2009029394254139570","Wed Jan 07 22:28:28 +0000 2026",,,,,,,,,,,,,,,,,,,,,,,,,,,,,,,,,,,,,,,,,,,,,,,,,,,,,,,,,,,,,,,,"2009029394254139570",,,,"false","false","false","en","0","1",,"0",,"","","2009020307068342666",,,,"false","false","false","","0","0",,,"0",,"0",,"","","","tweet","","0",,"2009020307068342666","Tweet","2009020307068342666","0",,"0",,"","“ I don’t think you even need to try! Look at you! 🫵❤️”","https://twitter.com/CASSINlHUYGENS/status/2009029394254139570","tweet","https://x.com/CASSINlHUYGENS/status/2009029394254139570","124",,"2009029394254139570","Tweet","1978912680221249537","User","460","https://pbs.twimg.com/profile_images/2002169771089940480/T8JybzTC_normal.png","https://pbs.twimg.com/profile_banners/1978912680221249537/1766189669","Thu Oct 16 19:55:35 +0000 2025","—- CASSINI .ᐟ.ᐟ","CASSINlHUYGENS","true","false","WAY OUT .ᐟ.ᐟ","true","2002174986736546231","false","⠀⠀ —— oh won’t you give us a sign , give us a sign , that we’ve reached you .ᐣ ✨ #OCRP / #MVRP . 💫","81","86","OCRP","89","94","MVRP",,,,,,"intheSTARS.✰","http://intheSTARS.xn--8ci/","0","23","https://t.co/Mn3NmiNIC5","","1DA1F2","None","true","110","148","1978912680221249537","false","false","false","33","674","false","https://t.co/Mn3NmiNIC5","EditControlInitial","2009029394254139570","1767828508000","5","true","false","0","2009029394254139570","Wed Jan 07 22:28:28 +0000 2026","0","55",,,,,,,,,,,,,,,,,,,,,,,,,,,,,,,,,,,,,,,,,,,,,,,,,,,,,,,,,,,,,,,,"0","“ I don’t think you even need to try! Look at you! 🫵❤️”","true","en",,"1","2009020307068342666","x.com/callsh0t/statu…","https://twitter.com/callsh0t/status/2009020307068342666","https://t.co/RDPWNjzPlU","0","0","1978912680221249537","2009020307068342666","Tweet","2009020307068342666","2009029394254139570","VW5tZW50aW9uczoKAAEb4YGW+9YQsg8AAgoAAAAAAA==","124","EnabledWithCount","0",,,,,,"0",,"","My heart can't handle this being a regular conversation we have https://t.co/fNbusfAmmS","https://twitter.com/CALLSH0T/status/2009030289582903734","tweet","https://x.com/CALLSH0T/status/2009030289582903734","108"
"true","false","https://pbs.twimg.com/profile_banners/142241206/1694563351","Mon May 10 10:29:01 +0000 2010","",,,,,,,,,,,,,,,,,,,,,"0","9243","241","272","true","142241206","false","false","false","Australia","37","Genuine Question...",,"false","https://pbs.twimg.com/profile_images/1701747720632037376/guJWrqLk_normal.jpg","interested observer. Trying to understand where the grey ends and the line starts.",,,,,,,,,,,,,,,,"","1885","https://twitter.com/seetruth_k","user","https://x.com/seetruth_k","seetruth_k","0",,"2008090812350153097","Mon Jan 05 20:56:02 +0000 2026",,,,,,"57737131","0","13","Bharat Sundaresan","beastieboy07","984636823749013504","14","23","7Cricket","7Cricket",,,,,,,,,,,,,,,,,,,,,,,,,,,,,,,,,,,,,,,"2008281359471489456","2008090812350153097","57737131","beastieboy07","false","false",,"true",,"en","4","0",,,,,,,,,,,,,,,,,,,,,,,,,,,,,,,,,,,,,,,,,,,,,,,,,,,,,,,,,,,,,,,,,,,,,,,,,,,,,,,,,,,,,,,,,,,,,,,,,,,,,,,,,,,,,,,,,,,,,,,,,,,,,,,,,,,,,,,,,,,,,,,,,,,,,,,,,,,,,,,,,,,,,,,,,,,,,,,,,,,,,,,,,,,,,,,,,,,,,,,,,,,,,,,,,,,,,,,,,,,,,,,,,,,,,,,,,,,,,,,,,,,,,,,,,,,,,,,,,,,,,,,,,,,,,,,,,,,,,,,,,,,,,,,,,,,,,,,,,,,,,,,,,"0",,"57737131","User","beastieboy07","57737131","1",,"","@beastieboy07 @7Cricket Genunie question. You say it's important to have these conversations,  yet you have engaged with none of the opinions that differ from yours. Seems like you dont want to have the conversation you want to state your opinion as fact and move on.","https://twitter.com/seetruth_k/status/2008281359471489456","tweet","https://x.com/seetruth_k/status/2008281359471489456","93"
"true","false","https://pbs.twimg.com/profile_banners/1016145238589489152/1594681129","Mon Jul 09 02:21:18 +0000 2018","",,,,,,,,,,,,,,,,,,,,,"0","34633","2931","2989","true","1016145238589489152","false","false","false","di hati","391","jangkrik",,"false","https://pbs.twimg.com/profile_images/1936782545149976576/gHyqT8Zp_normal.jpg","melangkah dengan pasti.",,,,,,,,,,,,,,,,"","13950","https://twitter.com/harijanto_1","user","https://x.com/harijanto_1","harijanto_1","0",,"2007477128678211936","Mon Jan 05 08:26:26 +0000 2026",,,,,,"208784759","0","15","Marzuki Alie Dr.H.","marzukialie_MA",,,,,,,,,,,,,,,,,,,,,,,,,,,,,,,,,,,,,,,,,,,,"2008092715842773018","2007477128678211936","208784759","marzukialie_MA","false","false",,"true",,"in","0","0",,,,,,,,,,,,,,,,,,,,,,,,,,,,,,,,,,,,,,,,,,,,,,,,,,,,,,,,,,,,,,,,,,,,,,,,,,,,,,,,,,,,,,,,,,,,,,,,,,,,,,,,,,,,,,,,,,,,,,,,,,,,,,,,,,,,,,,,,,,,,,,,,,,,,,,,,,,,,,,,,,,,,,,,,,,,,,,,,,,,,,,,,,,,,,,,,,,,,,,,,,,,,,,,,,,,,,,,,,,,,,,,,,,,,,,,,,,,,,,,,,,,,,,,,,,,,,,,,,,,,,,,,,,,,,,,,,,,,,,,,,,,,,,,,,,,,,,,,,,,,,,,,"0",,"208784759","User","marzukialie_MA","208784759","0",,"","@marzukialie_MA Di era orba 32 th di pimpin Soeharto, sistem demokrasi Indonesia tidak lebih baik dari tahun pertama Soeharto menjabat sampai di lengserkan rakyatnya sendiri. 
Itu berarti calon pemimpin sampai resmi jabat tidak ada kemauan untuk mensejahterakan seperti Jokowi 😁","https://twitter.com/harijanto_1/status/2008092715842773018","tweet","https://x.com/harijanto_1/status/2008092715842773018","29"
"false","false","","Sat May 25 09:38:52 +0000 2024","",,,,,,,,,,,,,,,,,,,,,"0","620","34","7","true","1794301988123111424","false","false","false","","14","Candra Rizky",,"false","https://pbs.twimg.com/profile_images/1794302105072947200/r-PjiyD-_normal.jpg","",,,,,,,,,,,,,,,,"","6403","https://twitter.com/AyahnyaVia01","user","https://x.com/AyahnyaVia01","AyahnyaVia01","0",,"2007477128678211936","Mon Jan 05 00:37:29 +0000 2026",,,,,,"208784759","0","15","Marzuki Alie Dr.H.","marzukialie_MA",,,,,,,,,,,,,,,,,,,,,,,,,,,,,,,,,,,,,,,,,,,,"2007974698802610651","2007477128678211936","208784759","marzukialie_MA","false","false",,"true",,"in","0","0",,,,,,,,,,,,,,,,,,,,,,,,,,,,,,,,,,,,,,,,,,,,,,,,,,,,,,,,,,,,,,,,,,,,,,,,,,,,,,,,,,,,,,,,,,,,,,,,,,,,,,,,,,,,,,,,,,,,,,,,,,,,,,,,,,,,,,,,,,,,,,,,,,,,,,,,,,,,,,,,,,,,,,,,,,,,,,,,,,,,,,,,,,,,,,,,,,,,,,,,,,,,,,,,,,,,,,,,,,,,,,,,,,,,,,,,,,,,,,,,,,,,,,,,,,,,,,,,,,,,,,,,,,,,,,,,,,,,,,,,,,,,,,,,,,,,,,,,,,,,,,,,,"0",,"208784759","User","marzukialie_MA","208784759","0",,"","@marzukialie_MA Sudah ada putusan MK bapak","https://twitter.com/AyahnyaVia01/status/2007974698802610651","tweet","https://x.com/AyahnyaVia01/status/2007974698802610651","30"
"false","true","","Thu May 16 13:38:04 +0000 2013","",,,,,,,,,,,,,,,,,,,,,"0","222620","1378","671","true","1433112968","false","false","false","","161","anang aditya saputra",,"false","https://pbs.twimg.com/profile_images/1848737924676030464/a_LDFgBa_normal.jpg","",,,,,,,,,,,,,,,,"","13867","https://twitter.com/panggungmas3","user","https://x.com/panggungmas3","panggungmas3","0",,"2007477128678211936","Sun Jan 04 23:43:38 +0000 2026",,,,,,"208784759","0","15","Marzuki Alie Dr.H.","marzukialie_MA",,,,,,,,,,,,,,,,,,,,,,,,,,,,,,,,,,,,,,,,,,,,"2007961149925699787","2007477128678211936","208784759","marzukialie_MA","false","false",,"true",,"in","0","0",,,,,,,,,,,,,,,,,,,,,,,,,,,,,,,,,,,,,,,,,,,,,,,,,,,,,,,,,,,,,,,,,,,,,,,,,,,,,,,,,,,,,,,,,,,,,,,,,,,,,,,,,,,,,,,,,,,,,,,,,,,,,,,,,,,,,,,,,,,,,,,,,,,,,,,,,,,,,,,,,,,,,,,,,,,,,,,,,,,,,,,,,,,,,,,,,,,,,,,,,,,,,,,,,,,,,,,,,,,,,,,,,,,,,,,,,,,,,,,,,,,,,,,,,,,,,,,,,,,,,,,,,,,,,,,,,,,,,,,,,,,,,,,,,,,,,,,,,,,,,,,,,"0",,"208784759","User","marzukialie_MA","208784759","0",,"","@marzukialie_MA Udah cukup Pak, mending momong cucu aja sambil memperbanyak ibadah dan amal baik buat bekal nanti","https://twitter.com/panggungmas3/status/2007961149925699787","tweet","https://x.com/panggungmas3/status/2007961149925699787","32"
"false","true","","Thu Apr 27 13:00:47 +0000 2023","",,,,,,,,,,,,,,,,,,,,,"0","1051","10","283","true","1651571545972838401","false","false","false","","51","Ndet",,"false","https://pbs.twimg.com/profile_images/1651572100422041604/hogRIb_m_normal.png","",,,,,,,,,,,,,,,,"","1335","https://twitter.com/YanuSaputr82984","user","https://x.com/YanuSaputr82984","YanuSaputr82984","0",,"2007477128678211936","Sun Jan 04 23:43:29 +0000 2026",,,,,,"1557182798888198144","0","12","logika sederhana","nalar_logis","208784759","13","28","Marzuki Alie Dr.H.","marzukialie_MA",,,,,,,,,,,,,,,,,,,,,,,,,,,,,,,,,,,,,,,"2007961108737622178","2007642417126846581","1557182798888198144","nalar_logis","false","false",,"true",,"in","1","0",,,,,,,,,,,,,,,,,,,,,,,,,,,,,,,,,,,,,,,,,,,,,,,,,,,,,,,,,,,,,,,,,,,,,,,,,,,,,,,,,,,,,,,,,,,,,,,,,,,,,,,,,,,,,,,,,,,,,,,,,,,,,,,,,,,,,,,,,,,,,,,,,,,,,,,,,,,,,,,,,,,,,,,,,,,,,,,,,,,,,,,,,,,,,,,,,,,,,,,,,,,,,,,,,,,,,,,,,,,,,,,,,,,,,,,,,,,,,,,,,,,,,,,,,,,,,,,,,,,,,,,,,,,,,,,,,,,,,,,,,,,,,,,,,,,,,,,,,,,,,,,,,"0",,"1557182798888198144","User","nalar_logis","1557182798888198144","0",,"","@nalar_logis @marzukialie_MA NGAWUR !!!!
GAK BERDASAR","https://twitter.com/YanuSaputr82984/status/2007961108737622178","tweet","https://x.com/YanuSaputr82984/status/2007961108737622178","16"
"false","true","","Thu Apr 27 13:00:47 +0000 2023","",,,,,,,,,,,,,,,,,,,,,"0","1051","10","283","true","1651571545972838401","false","false","false","","51","Ndet",,"false","https://pbs.twimg.com/profile_images/1651572100422041604/hogRIb_m_normal.png","",,,,,,,,,,,,,,,,"","1335","https://twitter.com/YanuSaputr82984","user","https://x.com/YanuSaputr82984","YanuSaputr82984","0",,"2007477128678211936","Sun Jan 04 23:42:08 +0000 2026",,,,,,"208784759","0","15","Marzuki Alie Dr.H.","marzukialie_MA",,,,,,,,,,,,,,,,,,,,,,,,,,,,,,,,,,,,,,,,,,,,"2007960769103855705","2007477189336543461","208784759","marzukialie_MA","false","false",,"true",,"in","0","0",,,,,,,,,,,,,,,,,,,,,,,,,,,,,,,,,,,,,,,,,,,,,,,,,,,,,,,,,,,,,,,,,,,,,,,,,,,,,,,,,,,,,,,,,,,,,,,,,,,,,,,,,,,,,,,,,,,,,,,,,,,,,,,,,,,,,,,,,,,,,,,,,,,,,,,,,,,,,,,,,,,,,,,,,,,,,,,,,,,,,,,,,,,,,,,,,,,,,,,,,,,,,,,,,,,,,,,,,,,,,,,,,,,,,,,,,,,,,,,,,,,,,,,,,,,,,,,,,,,,,,,,,,,,,,,,,,,,,,,,,,,,,,,,,,,,,,,,,,,,,,,,,"0",,"208784759","User","marzukialie_MA","208784759","0",,"","@marzukialie_MA Panjang banget pak, kayak sepur","https://twitter.com/YanuSaputr82984/status/2007960769103855705","tweet","https://x.com/YanuSaputr82984/status/2007960769103855705","6"
"true","true","https://pbs.twimg.com/profile_banners/811842890200551425/1669076998","Thu Dec 22 07:56:43 +0000 2016","",,,,,,,,,,,,,,,,,,,,,"0","17232","3661","5263","true","811842890200551425","false","false","false","Indonesia","2002","#TogetherWeCan👍👍","1683589931237793792","false","https://pbs.twimg.com/profile_images/1594850590701408256/302Si1vk_normal.jpg","follow me ❤️ and i am follow back👍",,,,,,,,,,,,,,,,"","22166","https://twitter.com/dov_Now","user","https://x.com/dov_Now","dov_Now","0",,"2007477128678211936","Sun Jan 04 21:12:40 +0000 2026",,,,,,"208784759","0","15","Marzuki Alie Dr.H.","marzukialie_MA",,,,,,,,,,,,,,,,,,,,,,,,,,,,,,,,,,,,,,,,,,,,"2007923156829487547","2007477189336543461","208784759","marzukialie_MA","false","false",,"true",,"in","0","0",,,,,,,,,,,,,,,,,,,,,,,,,,,,,,,,,,,,,,,,,,,,,,,,,,,,,,,,,,,,,,,,,,,,,,,,,,,,,,,,,,,,,,,,,,,,,,,,,,,,,,,,,,,,,,,,,,,,,,,,,,,,,,,,,,,,,,,,,,,,,,,,,,,,,,,,,,,,,,,,,,,,,,,,,,,,,,,,,,,,,,,,,,,,,,,,,,,,,,,,,,,,,,,,,,,,,,,,,,,,,,,,,,,,,,,,,,,,,,,,,,,,,,,,,,,,,,,,,,,,,,,,,,,,,,,,,,,,,,,,,,,,,,,,,,,,,,,,,,,,,,,,,"0",,"208784759","User","marzukialie_MA","208784759","0",,"","@marzukialie_MA Luar biasa pak. Pikiran jernih. Sy tambahkan satu. Hindari konflik horisontal dan perpecahan saudara, suku, agama, karena elit politik daerah yg sampai skrg masih belum sembuh hasil dari 4 x pilkada langsung. Rakyat rindu damai. Stop pilkada langsung.","https://twitter.com/dov_Now/status/2007923156829487547","tweet","https://x.com/dov_Now/status/2007923156829487547","14"
"false","false","https://pbs.twimg.com/profile_banners/146692776/1724393842","Sat May 22 03:07:54 +0000 2010","",,,,,,,,,,,,,,,,,,,,,"0","735","613","794","true","146692776","false","false","false","Jakarta, Indonesia","1334","Beril Huliselan 🇮🇩","1790648503359930590","false","https://pbs.twimg.com/profile_images/1497541151288864768/YN7iEC13_normal.jpg","Every day is a new opportunity. You can build on yesterday's success or put its failures behind and start over again. That's the way life is... (Bob Feller).",,,,,,,,,,,"youtube.com/berilhuliselan","https://www.youtube.com/berilhuliselan","0","23","https://t.co/pbCbz8IJgf","","24173","https://twitter.com/berilhuliselan","user","https://x.com/berilhuliselan","berilhuliselan","0",,"2007477128678211936","Sun Jan 04 19:18:42 +0000 2026",,,,,,"208784759","0","15","Marzuki Alie Dr.H.","marzukialie_MA",,,,,,,,,,,,,,,,,,,,,,,,,,,,,,,,,,,,,,,,,,,,"2007894474488520764","2007477132096831568","208784759","marzukialie_MA","false","false",,"true",,"in","0","0",,,,,,,,,,,,,,,,,,,,,,,,,,,,,,,,,,,,,,,,,,,,,,,,,,,,,,,,,,,,,,,,,,,,,,,,,,,,,,,,,,,,,,,,,,,,,,,,,,,,,,,,,,,,,,,,,,,,,,,,,,,,,,,,,,,,,,,,,,,,,,,,,,,,,,,,,,,,,,,,,,,,,,,,,,,,,,,,,,,,,,,,,,,,,,,,,,,,,,,,,,,,,,,,,,,,,,,,,,,,,,,,,,,,,,,,,,,,,,,,,,,,,,,,,,,,,,,,,,,,,,,,,,,,,,,,,,,,,,,,,,,,,,,,,,,,,,,,,,,,,,,,,"0",,"208784759","User","marzukialie_MA","208784759","0",,"","@marzukialie_MA Melanggar konstitusi &amp; tidak demokratis euy, karena kedaulatan itu ada di tangan rakyat, dan tidak diwakilkan oleh DPR. Anggota DPR hanya untuk memperjuangkan kepentingan rakyat, bukan mengambil kedaulatan rakyat. Pemilu langsung adalah pengakuan kedaulatan rakyat.","https://twitter.com/berilhuliselan/status/2007894474488520764","tweet","https://x.com/berilhuliselan/status/2007894474488520764","10"
"true","true","https://pbs.twimg.com/profile_banners/625871632/1358149021","Tue Jul 03 20:36:11 +0000 2012","",,,,,,,,,,,,,,,,,,,,,"0","958","2674","1999","true","625871632","false","false","false","TK/JKT","2514","🥃🥴 【ェリー】SEKTE Pemuja KYO 🙇🏻‍♀️🙇🏻‍♀️","1709927661173453065","false","https://pbs.twimg.com/profile_images/1844341679714861056/Xj1XY6rv_normal.jpg","🚫NO DM. 🔥a Gen X🔥
I'm just fooling around. It's a tweet, not a dick, don't take it too hard up yar arse!
読めしてたなら分かる。つまらないだからさ。普通の女の子だけで。日本語、英語、インドネシア語もOKです!",,,,,,,,,,,,,,,,"","196524","https://twitter.com/erimeureun","user","https://x.com/erimeureun","erimeureun","0",,"2007477128678211936","Sun Jan 04 18:35:52 +0000 2026",,,,,,"208784759","0","15","Marzuki Alie Dr.H.","marzukialie_MA",,,,,,,,,,,,,,,,,,,,,,,,,,,,,,,,,,,,,,,,,,,,"2007883696070922722","2007477128678211936","208784759","marzukialie_MA","false","false",,"true",,"in","1","0",,,,,,,,,,,,,,,,,,,,,,,,,,,,,,,,,,,,,,,,,,,,,,,,,,,,,,,,,,,,,,,,,,,,,,,,,,,,,,,,,,,,,,,,,,,,,,,,,,,,,,,,,,,,,,,,,,,,,,,,,,,,,,,,,,,,,,,,,,,,,,,,,,,,,,,,,,,,,,,,,,,,,,,,,,,,,,,,,,,,,,,,,,,,,,,,,,,,,,,,,,,,,,,,,,,,,,,,,,,,,,,,,,,,,,,,,,,,,,,,,,,,,,,,,,,,,,,,,,,,,,,,,,,,,,,,,,,,,,,,,,,,,,,,,,,,,,,,,,,,,,,,,"0",,"208784759","User","marzukialie_MA","208784759","0",,"","@marzukialie_MA Suka2 kalian aj dah pak. Negara kn punya elo. Percuma rakyat kgk didenger kalo kalian udh punya mau. Rakyat cm sapi perah buat bayar pajak ngasih makan pejabat gendutin kalian2 doank. Biar konsekuensi akherat nanti kalian tanggung sendiri kalo cm ngerasain enaknya doank didunia.","https://twitter.com/erimeureun/status/2007883696070922722","tweet","https://x.com/erimeureun/status/2007883696070922722","92"
"false","true","https://pbs.twimg.com/profile_banners/1886540567032815617/1747706040","Mon Feb 03 22:22:04 +0000 2025","",,,,,,,,,,,,,,,,,,,,,"0","16998","37","153","true","1886540567032815617","false","false","false","","5","Ikhwanja",,"false","https://pbs.twimg.com/profile_images/1998248648753496064/5GHoQnkR_normal.jpg","",,,,,,,,,,,,,,,,"","598","https://twitter.com/nawhi29","user","https://x.com/nawhi29","nawhi29","0",,"2007477128678211936","Sun Jan 04 13:03:42 +0000 2026",,,,,,"208784759","0","15","Marzuki Alie Dr.H.","marzukialie_MA",,,,,,,,,,,,,,,,,,,,,,,,,,,,,,,,,,,,,,,,,,,,"2007800103118254470","2007477128678211936","208784759","marzukialie_MA","false","false",,"true",,"in","0","0",,,,,,,,,,,,,,,,,,,,,,,,,,,,,,,,,,,,,,,,,,,,,,,,,,,,,,,,,,,,,,,,,,,,,,,,,,,,,,,,,,,,,,,,,,,,,,,,,,,,,,,,,,,,,,,,,,,,,,,,,,,,,,,,,,,,,,,,,,,,,,,,,,,,,,,,,,,,,,,,,,,,,,,,,,,,,,,,,,,,,,,,,,,,,,,,,,,,,,,,,,,,,,,,,,,,,,,,,,,,,,,,,,,,,,,,,,,,,,,,,,,,,,,,,,,,,,,,,,,,,,,,,,,,,,,,,,,,,,,,,,,,,,,,,,,,,,,,,,,,,,,,,"0",,"208784759","User","marzukialie_MA","208784759","0",,"","@marzukialie_MA Tapi pak itu keuntungan materi dan non materi saja kedengaran nya, bagaimana kalo contoh pejabat yang dipilih oleh sesamanya hanya menjalankan amanat penunjuknya? Liat aja menteri selalu bilang ini kan arahan presiden, ini keinginan presiden, ini ini itu itu presiden???","https://twitter.com/nawhi29/status/2007800103118254470","tweet","https://x.com/nawhi29/status/2007800103118254470","148"
"true","false","https://pbs.twimg.com/profile_banners/113381564/1561762932","Thu Feb 11 15:39:26 +0000 2010","",,,,,,,,,,,,,,,,,,,,,"0","28945","318","752","true","113381564","false","false","false","Singapore","2087","𝕾𝖊𝖙𝖎𝖆 𝕻𝖔𝖊𝖗𝖓𝖆𝖒𝖆",,"false","https://pbs.twimg.com/profile_images/1324913785803452417/mC0AuJL4_normal.jpg","I am mr. nobody  😎😎 II @CTnurhaliza11 & @sheilaon7 II Penikmat Sejarah, Politik & Ekonomi ll Chelsea forever   💯Islam","0","23","37","","CTnurhaliza11","0","40","50","","sheilaon7",,,,,,"","31800","https://twitter.com/setia_purnama","user","https://x.com/setia_purnama","setia_purnama","0",,"2007477128678211936","Sun Jan 04 10:48:50 +0000 2026",,,,,,"208784759","0","15","Marzuki Alie Dr.H.","marzukialie_MA",,,,,,,,,,,,,,,,,,,,,,,,,,,,,,,,,,,,,,,,,,,,"2007766163426853244","2007477128678211936","208784759","marzukialie_MA","false","false",,"true",,"in","2","0",,,,,,,,,,,,,,,,,,,,,,,,,,,,,,,,,,,,,,,,,,,,,,,,,,,,,,,,,,,,,,,,,,,,,,,,,,,,,,,,,,,,,,,,,,,,,,,,,,,,,,,,,,,,,,,,,,,,,,,,,,,,,,,,,,,,,,,,,,,,,,,,,,,,,,,,,,,,,,,,,,,,,,,,,,,,,,,,,,,,,,,,,,,,,,,,,,,,,,,,,,,,,,,,,,,,,,,,,,,,,,,,,,,,,,,,,,,,,,,,,,,,,,,,,,,,,,,,,,,,,,,,,,,,,,,,,,,,,,,,,,,,,,,,,,,,,,,,,,,,,,,,,"0",,"208784759","User","marzukialie_MA","208784759","0",,"","@marzukialie_MA Penjilat","https://twitter.com/setia_purnama/status/2007766163426853244","tweet","https://x.com/setia_purnama/status/2007766163426853244","106"
"false","true","","Mon Dec 25 04:40:52 +0000 2023","",,,,,,,,,,,,,,,,,,,,,"0","7003","45","240","true","1739144107854077952","false","false","false","","0","irfan",,"false","https://abs.twimg.com/sticky/default_profile_images/default_profile_normal.png","",,,,,,,,,,,,,,,,"","8994","https://twitter.com/irfaniextrajoss","user","https://x.com/irfaniextrajoss","irfaniextrajoss","0",,"2007477128678211936","Sun Jan 04 09:59:28 +0000 2026",,,,,,"208784759","0","15","Marzuki Alie Dr.H.","marzukialie_MA",,,,,,,,,,,,,,,,,,,,,,,,,,,,,,,,,,,,,,,,,,,,"2007753740607201462","2007477135410352257","208784759","marzukialie_MA","false","false",,"true",,"in","0","0",,,,,,,,,,,,,,,,,,,,,,,,,,,,,,,,,,,,,,,,,,,,,,,,,,,,,,,,,,,,,,,,,,,,,,,,,,,,,,,,,,,,,,,,,,,,,,,,,,,,,,,,,,,,,,,,,,,,,,,,,,,,,,,,,,,,,,,,,,,,,,,,,,,,,,,,,,,,,,,,,,,,,,,,,,,,,,,,,,,,,,,,,,,,,,,,,,,,,,,,,,,,,,,,,,,,,,,,,,,,,,,,,,,,,,,,,,,,,,,,,,,,,,,,,,,,,,,,,,,,,,,,,,,,,,,,,,,,,,,,,,,,,,,,,,,,,,,,,,,,,,,,,"0",,"208784759","User","marzukialie_MA","208784759","0",,"","@marzukialie_MA Sy sangat setuju banget dg argumen2 pak Marzuki ..","https://twitter.com/irfaniextrajoss/status/2007753740607201462","tweet","https://x.com/irfaniextrajoss/status/2007753740607201462","12"
"false","true","","Mon Dec 25 04:40:52 +0000 2023","",,,,,,,,,,,,,,,,,,,,,"0","7003","45","240","true","1739144107854077952","false","false","false","","0","irfan",,"false","https://abs.twimg.com/sticky/default_profile_images/default_profile_normal.png","",,,,,,,,,,,,,,,,"","8994","https://twitter.com/irfaniextrajoss","user","https://x.com/irfaniextrajoss","irfaniextrajoss","0",,"2007477128678211936","Sun Jan 04 09:58:51 +0000 2026",,,,,,"208784759","0","15","Marzuki Alie Dr.H.","marzukialie_MA",,,,,,,,,,,,,,,,,,,,,,,,,,,,,,,,,,,,,,,,,,,,"2007753584776257800","2007477135410352257","208784759","marzukialie_MA","false","false",,"true",,"en","0","0",,,,,,,,,,,,,,,,,,,,,,,,,,,,,,,,,,,,,,,,,,,,,,,,,,,,,,,,,,,,,,,,,,,,,,,,,,,,,,,,,,,,,,,,,,,,,,,,,,,,,,,,,,,,,,,,,,,,,,,,,,,,,,,,,,,,,,,,,,,,,,,,,,,,,,,,,,,,,,,,,,,,,,,,,,,,,,,,,,,,,,,,,,,,,,,,,,,,,,,,,,,,,,,,,,,,,,,,,,,,,,,,,,,,,,,,,,,,,,,,,,,,,,,,,,,,,,,,,,,,,,,,,,,,,,,,,,,,,,,,,,,,,,,,,,,,,,,,,,,,,,,,,"0",,"208784759","User","marzukialie_MA","208784759","0",,"","@marzukialie_MA Mantapp logic bosss","https://twitter.com/irfaniextrajoss/status/2007753584776257800","tweet","https://x.com/irfaniextrajoss/status/2007753584776257800","13"
"false","true","https://pbs.twimg.com/profile_banners/1742455834716798976/1704269210","Wed Jan 03 08:00:36 +0000 2024","",,,,,,,,,,,,,,,,,,,,,"0","2201","6","34","true","1742455834716798976","false","false","false","","749","uchichi",,"false","https://pbs.twimg.com/profile_images/1742456021640257536/C5dvpUWF_normal.jpg","Nobody",,,,,,,,,,,,,,,,"","1749","https://twitter.com/ucchi1608","user","https://x.com/ucchi1608","ucchi1608","0",,"2007477128678211936","Sun Jan 04 09:46:57 +0000 2026",,,,,,"952430549372616704","0","13","presedeng","anaknyasiape","208784759","14","29","Marzuki Alie Dr.H.","marzukialie_MA",,,,,,,,,,,,,,,,,,,,,,,,,,,,,,,,,,,,,,,"2007750591658041835","2007718868702396565","952430549372616704","anaknyasiape","false","false",,"true",,"in","0","0",,,,,,,,,,,,,,,,,,,,,,,,,,,,,,,,,,,,,,,,,,,,,,,,,,,,,,,,,,,,,,,,,,,,,,,,,,,,,,,,,,,,,,,,,,,,,,,,,,,,,,,,,,,,,,,,,,,,,,,,,,,,,,,,,,,,,,,,,,,,,,,,,,,,,,,,,,,,,,,,,,,,,,,,,,,,,,,,,,,,,,,,,,,,,,,,,,,,,,,,,,,,,,,,,,,,,,,,,,,,,,,,,,,,,,,,,,,,,,,,,,,,,,,,,,,,,,,,,,,,,,,,,,,,,,,,,,,,,,,,,,,,,,,,,,,,,,,,,,,,,,,,,"0",,"952430549372616704","User","anaknyasiape","952430549372616704","0",,"","@anaknyasiape @marzukialie_MA Klo pilkada lwt dprd, yg nego k calon itu parte2, berani brp T? Lbh praktis buat parte, dapat kada yg bisa disetir, dapat duit juga. Makanya ngotot pilkada lwt dprd","https://twitter.com/ucchi1608/status/2007750591658041835","tweet","https://x.com/ucchi1608/status/2007750591658041835","27"
"false","false","https://pbs.twimg.com/profile_banners/52263467/1419047013","Tue Jun 30 01:46:13 +0000 2009","",,,,,,,,,,,,,,,,,,,,,"0","58","171","152","true","52263467","false","false","false","ÜT: -6.868439,107.560669","96","Erland Ariasena P",,"false","https://pbs.twimg.com/profile_images/982606085688193024/gh3mdtu2_normal.jpg","",,,,,,,,,,,,,,,,"","13926","https://twitter.com/erlandariasena","user","https://x.com/erlandariasena","erlandariasena","0",,"2007477128678211936","Sun Jan 04 07:45:52 +0000 2026",,,,,,"208784759","0","15","Marzuki Alie Dr.H.","marzukialie_MA",,,,,,,,,,,,,,,,,,,,,,,,,,,,,,,,,,,,,,,,,,,,"2007720116331655342","2007477128678211936","208784759","marzukialie_MA","false","false",,"true",,"in","2","0",,,,,,,,,,,,,,,,,,,,,,,,,,,,,,,,,,,,,,,,,,,,,,,,,,,,,,,,,,,,,,,,,,,,,,,,,,,,,,,,,,,,,,,,,,,,,,,,,,,,,,,,,,,,,,,,,,,,,,,,,,,,,,,,,,,,,,,,,,,,,,,,,,,,,,,,,,,,,,,,,,,,,,,,,,,,,,,,,,,,,,,,,,,,,,,,,,,,,,,,,,,,,,,,,,,,,,,,,,,,,,,,,,,,,,,,,,,,,,,,,,,,,,,,,,,,,,,,,,,,,,,,,,,,,,,,,,,,,,,,,,,,,,,,,,,,,,,,,,,,,,,,,"0",,"208784759","User","marzukialie_MA","208784759","0",,"","@marzukialie_MA Bapak ga baca putusan MK tentang maksud pemilihan demokratis di UUD tsb?","https://twitter.com/erlandariasena/status/2007720116331655342","tweet","https://x.com/erlandariasena/status/2007720116331655342","212"
"false","true","https://pbs.twimg.com/profile_banners/952430549372616704/1739888680","Sun Jan 14 06:41:53 +0000 2018","",,,,,,,,,,,,,,,,,,,,,"0","459","99","85","true","952430549372616704","false","false","false","","667","presedeng",,"false","https://pbs.twimg.com/profile_images/1891856361316917248/47LSl3Gj_normal.jpg","Itu saja",,,,,,,,,,,,,,,,"","6175","https://twitter.com/anaknyasiape","user","https://x.com/anaknyasiape","anaknyasiape","0",,"2007477128678211936","Sun Jan 04 07:40:54 +0000 2026",,,,,,"208784759","0","15","Marzuki Alie Dr.H.","marzukialie_MA",,,,,,,,,,,,,,,,,,,,,,,,,,,,,,,,,,,,,,,,,,,,"2007718868702396565","2007477128678211936","208784759","marzukialie_MA","false","false",,"true",,"in","4","0",,,,,,,,,,,,,,,,,,,,,,,,,,,,,,,,,,,,,,,,,,,,,,,,,,,,,,,,,,,,,,,,,,,,,,,,,,,,,,,,,,,,,,,,,,,,,,,,,,,,,,,,,,,,,,,,,,,,,,,,,,,,,,,,,,,,,,,,,,,,,,,,,,,,,,,,,,,,,,,,,,,,,,,,,,,,,,,,,,,,,,,,,,,,,,,,,,,,,,,,,,,,,,,,,,,,,,,,,,,,,,,,,,,,,,,,,,,,,,,,,,,,,,,,,,,,,,,,,,,,,,,,,,,,,,,,,,,,,,,,,,,,,,,,,,,,,,,,,,,,,,,,,"1",,"208784759","User","marzukialie_MA","208784759","0",,"","@marzukialie_MA Di bagian paling awal, Bung menulis ➡️ Pemilukada bupati/wako/gubernur selalu menjadi perdebatan⬅️

Selain para politisi dan kaum yang haus dan penghamba kekuasaan 

Sepertinya rakyat tidak pernah memperdebatkannya.

Rakyat cuma bilang: 1 suara 100 rebu, di rumah ada 4 orang.","https://twitter.com/anaknyasiape/status/2007718868702396565","tweet","https://x.com/anaknyasiape/status/2007718868702396565","326"
"false","true","","Thu May 26 18:55:04 +0000 2022","",,,,,,,,,,,,,,,,,,,,,"0","85","23","32","true","1529898812642189314","false","false","false","","0","ndoyok",,"false","https://pbs.twimg.com/profile_images/1529898933681463301/x3C6iIaQ_normal.jpg","",,,,,,,,,,,,,,,,"","3158","https://twitter.com/land_yok","user","https://x.com/land_yok","land_yok","0",,"2007477128678211936","Sun Jan 04 05:57:21 +0000 2026",,,,,,"208784759","0","15","Marzuki Alie Dr.H.","marzukialie_MA",,,,,,,,,,,,,,,,,,,,,,,,,,,,,,,,,,,,,,,,,,,,"2007692809646813677","2007477128678211936","208784759","marzukialie_MA","false","false",,"true",,"in","3","0",,,,,,,,,,,,,,,,,,,,,,,,,,,,,,,,,,,,,,,,,,,,,,,,,,,,,,,,,,,,,,,,,,,,,,,,,,,,,,,,,,,,,,,,,,,,,,,,,,,,,,,,,,,,,,,,,,,,,,,,,,,,,,,,,,,,,,,,,,,,,,,,,,,,,,,,,,,,,,,,,,,,,,,,,,,,,,,,,,,,,,,,,,,,,,,,,,,,,,,,,,,,,,,,,,,,,,,,,,,,,,,,,,,,,,,,,,,,,,,,,,,,,,,,,,,,,,,,,,,,,,,,,,,,,,,,,,,,,,,,,,,,,,,,,,,,,,,,,,,,,,,,,"0",,"208784759","User","marzukialie_MA","208784759","0",,"","@marzukialie_MA rendah sekali takaran budi pekertinya buat seorang bergelar doktor.","https://twitter.com/land_yok/status/2007692809646813677","tweet","https://x.com/land_yok/status/2007692809646813677","194"
"false","true","","Thu Apr 20 23:40:03 +0000 2023","",,,,,,,,,,,,,,,,,,,,,"0","22223","27","395","true","1649195910935748609","false","false","false","","2","EC Kurniawan",,"false","https://pbs.twimg.com/profile_images/1649196262695272449/HUILXpkR_normal.png","",,,,,,,,,,,,,,,,"","2790","https://twitter.com/DedeKur72671069","user","https://x.com/DedeKur72671069","DedeKur72671069","0",,"2007477128678211936","Sun Jan 04 05:00:32 +0000 2026",,,,,,"208784759","0","15","Marzuki Alie Dr.H.","marzukialie_MA",,,,,,,,,,,,,,,,,,,,,,,,,,,,,,,,,,,,,,,,,,,,"2007678509402227035","2007477135410352257","208784759","marzukialie_MA","false","false",,"true",,"in","0","0",,,,,,,,,,,,,,,,,,,,,,,,,,,,,,,,,,,,,,,,,,,,,,,,,,,,,,,,,,,,,,,,,,,,,,,,,,,,,,,,,,,,,,,,,,,,,,,,,,,,,,,,,,,,,,,,,,,,,,,,,,,,,,,,,,,,,,,,,,,,,,,,,,,,,,,,,,,,,,,,,,,,,,,,,,,,,,,,,,,,,,,,,,,,,,,,,,,,,,,,,,,,,,,,,,,,,,,,,,,,,,,,,,,,,,,,,,,,,,,,,,,,,,,,,,,,,,,,,,,,,,,,,,,,,,,,,,,,,,,,,,,,,,,,,,,,,,,,,,,,,,,,,"0",,"208784759","User","marzukialie_MA","208784759","0",,"","@marzukialie_MA Klo langkah ini yg diambil tak heran yg jadi gubernur, walikota/bupati adalah TNI/Polri/Purnawirawan, kaum elit partai dan keluarganya (KKN) turun temurun tanpa malu... ato  yg jadi ntar Kaesang, Pingka Hapsari, Didit P, Edy Baskoro Ydhoyono","https://twitter.com/DedeKur72671069/status/2007678509402227035","tweet","https://x.com/DedeKur72671069/status/2007678509402227035","71"
,,,,,,,,,,,,,,,,,,,,,,,,,,,,,,,,,,,,,,,,,,,,,,,,,,,,,,,,,,,,,,,,,,,,,,,,,,,,,,,,,,,,,,,,,,,,,,,,,,,,,,,,,,,,,,,,,,,,,,,"-1",,,,,,,,,,,,,,,,,,,,,,,,,,,,,,,,,,,,,,,,,,,,,,,,,,,,,,,,,,,,,,,,,,,,,,,,,,,,,,,,,,,,,,,,,,,,,,,,,,,,,,,,,,,,,,,,,,,,,,,,,,,,,,,,,,,,,,,,,,,,,,,,,,,,,,,,,,,,,,,,,,,,,,,,,,,,,,,,,,,,,,,,,,,,,,,,,,,,,,,,,,,,,,,,,,,,,,,,,,,,,,,,,,,,,,,,,,,,,,,,,,,,,,,,,,,,,,,,,,,,,,,,,,,,,,,,,,,,,,,,,,,,,,,,,,,,,,,,,,,,,,,,,,,,,,,,,,,,,,,,,,,,,"Since you are a free user, you can only access a maximum of 15 tweets. Please upgrade to a paid user to unlock access to all tweets.",,"mock_tweet",,
