"author_display_name","author_is_verified","author_profile_pic_url","author_profile_url","author_username","created_at","created_at_timestamp","has_audio","hashtags/0","is_liked_by_author","item_type","like_count","media_type","mentions/0/username","post_code","post_url","quote_count","reply_count","reply_id","reply_to_username","reply_url","repost_count","scraped_at","share_count","text_content","view_count"
"Kris Tjahajaning Tyas","false",,,"kris_tjahajaning_tyas","2026-01-07T07:01:57.000Z",,,,,"original_post","1",,,"DTM0oS9Ei_h","https://www.threads.com/@kris_tjahajaning_tyas/post/DTM0oS9Ei_h/gak-setuju-pilkada-lewat-dprd-wijudkan-pemilihan-langsung-klo-dibilang-gak","2","170",,,,"8","2026-01-08T22:13:20.034745Z","0","Gak setuju Pilkada lewat DPRD, wijudkan pemilihan langsung…. Klo dibilang gak efisien, noh lihat gemuknya kabinet yg udh jelas2 gak efisien","26"
"serahadiwa","false","https://scontent-iad3-1.cdninstagram.com/v/t51.2885-19/491468768_1371451997225473_3785385323649244605_n.jpg?stp=dst-jpg_s150x150_tt6&efg=eyJ2ZW5jb2RlX3RhZyI6InByb2ZpbGVfcGljLmRqYW5nby4xMDgwLmMyIn0&_nc_ht=scontent-iad3-1.cdninstagram.com&_nc_cat=101&_nc_oc=Q6cZ2QHFvLKdxP0LcRb7WTbHWCF5B7LUbMbJYJa0BhfstHSc_483oBW3dANP8GmRN2Af8pM&_nc_ohc=8YXfJKcx6OMQ7kNvwEM34XQ&_nc_gid=4UTAr2UGW5lLJs-BJVScsQ&edm=APs17CUBAAAA&ccb=7-5&oh=00_AfoeG-5KRkSKwxBPGa1RXrXa3L6Rs2MGUsAgsG-sk8U12A&oe=696602C8&_nc_sid=10d13b","https://www.threads.com/@serahadiwa","serahadiwa","2026-01-06T10:05:30.000Z","1767693930","false",,"false","reply","28","1",,,,"0","3","DTKk1xcgb2W","serahadiwa","https://www.threads.com/@serahadiwa/post/DTKk1xcgb2W","1","2026-01-08T22:13:20.055084Z",,"Wacana ini timbul alasannya untuk mengurangi anggaran alias efisiensi. Tapi kemungkinan ongkos politik pasti tetap mahal untuk melobi elite partai, seperti di awal tahun 2000an dulu. Bedanya lebih tertutup aja. 🫣",
"Firmansyah","false","https://scontent-iad3-2.cdninstagram.com/v/t51.2885-19/564360635_17842091439599790_1026417782637679493_n.jpg?stp=dst-jpg_s150x150_tt6&efg=eyJ2ZW5jb2RlX3RhZyI6InByb2ZpbGVfcGljLmRqYW5nby4xMDgwLmMyIn0&_nc_ht=scontent-iad3-2.cdninstagram.com&_nc_cat=106&_nc_oc=Q6cZ2QHFvLKdxP0LcRb7WTbHWCF5B7LUbMbJYJa0BhfstHSc_483oBW3dANP8GmRN2Af8pM&_nc_ohc=d1WctB1JdT4Q7kNvwEbcxzW&_nc_gid=4UTAr2UGW5lLJs-BJVScsQ&edm=APs17CUBAAAA&ccb=7-5&oh=00_AfqLebOQI2h0vgaXIKHLCrW-Ak3TYe8uVRySGo_CLqYGBw&oe=6965F1B9&_nc_sid=10d13b","https://www.threads.com/@firmanfma","firmanfma","2026-01-06T12:06:22.000Z","1767701182","false",,"false","reply","133","19",,,,"0","5","DTKyrBdk9hV","serahadiwa","https://www.threads.com/@firmanfma/post/DTKyrBdk9hV","5","2026-01-08T22:13:20.055195Z",,"Kalo Pilkada lewat DPRD, yang jadi Gubernur DKI Jakarta Ridwan Kamil, bukan Pramono Anung 😌",
"Nicholas Clementino","false","https://instagram.fmcp5-1.fna.fbcdn.net/v/t51.2885-19/573323465_1219825463302212_7278921664109726296_n.png?stp=dst-jpg_e0_s150x150_tt6&efg=eyJ2ZW5jb2RlX3RhZyI6InByb2ZpbGVfcGljLmRqYW5nby4xNTAuYzIifQ&_nc_ht=instagram.fmcp5-1.fna.fbcdn.net&_nc_cat=1&_nc_oc=Q6cZ2QFRNaDqyEvJChtri35yrF06BTk68f9eywjlQrdid6loTWOijxABnEn9IOKVj7YsjoDwhxkA3RfcXnlXbP0MgmkP&_nc_ohc=jFezCB5ZvcgQ7kNvwFM0SLc&_nc_gid=E-_hChcoBH9-yhv8OkQHgw&edm=ALbqBD0BAAAA&ccb=7-5&ig_cache_key=YW5vbnltb3VzX3Byb2ZpbGVfcGlj.3-ccb7-5&oh=00_Aforw5SB9I07KqYjmuVrtcamuCabWQft0l2iBKywMhBHvA&oe=6965FFEA&_nc_sid=847350","https://www.threads.com/@nicholasclementino","nicholasclementino","2026-01-06T12:17:00.000Z","1767701820","false",,"false","reply","52","19",,,,"0","8","DTKz44qkq7B","serahadiwa","https://www.threads.com/@nicholasclementino/post/DTKz44qkq7B","3","2026-01-08T22:13:20.055239Z",,"Lawan. Anak2 98 sdh berdarah melawan orba skrng mau dibikin orba lg. Uang akan berputar di dpr. Siapa yg berani bayar dia akan terpilih. Boong kl efisiensi. Rakyat lg yg akan dikorbankan. Dah waktunya rakyat turun kembali. Sampai kapan kita diam?",
"Adjie Nugroho Nainggolan","false","https://scontent-iad3-1.cdninstagram.com/v/t51.2885-19/499071743_17912359077114595_5414695787384139613_n.jpg?stp=dst-jpg_s150x150_tt6&efg=eyJ2ZW5jb2RlX3RhZyI6InByb2ZpbGVfcGljLmRqYW5nby4xMDgwLmMyIn0&_nc_ht=scontent-iad3-1.cdninstagram.com&_nc_cat=107&_nc_oc=Q6cZ2QHFvLKdxP0LcRb7WTbHWCF5B7LUbMbJYJa0BhfstHSc_483oBW3dANP8GmRN2Af8pM&_nc_ohc=-er-yoZApGkQ7kNvwFNh2go&_nc_gid=4UTAr2UGW5lLJs-BJVScsQ&edm=APs17CUBAAAA&ccb=7-5&oh=00_Afpyk2-yxNdkaARlFjE_FKaEOyddiMGO0f8K68anociBOA&oe=696615C4&_nc_sid=10d13b","https://www.threads.com/@adjienainggolan","adjienainggolan","2026-01-07T00:31:18.000Z","1767745878","false",,"false","reply","18","19",,,,"0","2","DTMH7BSExfn","serahadiwa","https://www.threads.com/@adjienainggolan/post/DTMH7BSExfn","0","2026-01-08T22:13:20.055272Z",,"Alasan Gue Masih simpati sama PDI P. Ngga sempurna ... Tapi Masih ada point point yg Masih memihak ke Rakyat Dan berdasarkan konstitusi. Dulu sempet berharap ke PSI eh ternyata...",
"Roys Ok","false","https://scontent-iad3-1.cdninstagram.com/v/t51.2885-19/521343983_18063952403334344_6936495358645774863_n.jpg?stp=dst-jpg_s150x150_tt6&efg=eyJ2ZW5jb2RlX3RhZyI6InByb2ZpbGVfcGljLmRqYW5nby4xMDgwLmMyIn0&_nc_ht=scontent-iad3-1.cdninstagram.com&_nc_cat=108&_nc_oc=Q6cZ2QHFvLKdxP0LcRb7WTbHWCF5B7LUbMbJYJa0BhfstHSc_483oBW3dANP8GmRN2Af8pM&_nc_ohc=xkiYpIhlTH0Q7kNvwEKN5lm&_nc_gid=4UTAr2UGW5lLJs-BJVScsQ&edm=APs17CUBAAAA&ccb=7-5&oh=00_AfronnNUUcLjyhRxnFJFUxMlCPxWdghO0g1MWcKlzyhxIw&oe=6965EDE7&_nc_sid=10d13b","https://www.threads.com/@roys.ok2020","roys.ok2020","2026-01-06T14:30:13.000Z","1767709813","false",,"false","reply","5","19",,,,"0","2","DTLDIirkwGG","serahadiwa","https://www.threads.com/@roys.ok2020/post/DTLDIirkwGG","0","2026-01-08T22:13:20.055294Z",,"Nah itu...panji sebenar nya di bayar pemerintah buat nyamarin itu..",
"TokoBerkahSejahtera","false","https://scontent-iad3-1.cdninstagram.com/v/t51.2885-19/483966828_530828299621783_4518479183117589187_n.jpg?stp=dst-jpg_s150x150_tt6&efg=eyJ2ZW5jb2RlX3RhZyI6InByb2ZpbGVfcGljLmRqYW5nby41NzYuYzIifQ&_nc_ht=scontent-iad3-1.cdninstagram.com&_nc_cat=107&_nc_oc=Q6cZ2QHFvLKdxP0LcRb7WTbHWCF5B7LUbMbJYJa0BhfstHSc_483oBW3dANP8GmRN2Af8pM&_nc_ohc=BFtcb_Jdo_YQ7kNvwGk_uj1&_nc_gid=4UTAr2UGW5lLJs-BJVScsQ&edm=APs17CUBAAAA&ccb=7-5&oh=00_AfrjdQqQVRVnakFJnsROK3idsXRpfmnh5tr74JUYrZ2IVw&oe=69660EBB&_nc_sid=10d13b","https://www.threads.com/@toko_berkahsejahtera","toko_berkahsejahtera","2026-01-07T05:06:14.000Z","1767762374","false",,"false","reply","7","19",,,,"0","2","DTMnYuTDyYu","serahadiwa","https://www.threads.com/@toko_berkahsejahtera/post/DTMnYuTDyYu","0","2026-01-08T22:13:20.055344Z",,"Org indo tdk percaya klo yg skrg jd presiden Orde Baru akan berkuasa lagi..awal, militer mulai banyak pegang jab sipil, soeharto jd pahlawan nasional, habis itu kepala daerah dipilih DPRD, trus nnti DPRD pilih tentara atau polisi utk jd kepala daerah, dan setelah sadar semua..akhirnya kita kembali lagi ke jaman sblm 1998..penak jaman ku toh le?..nikmatin setiap prosesnya..oke gas..oke gas..,",
"Bang Poer New","true","https://scontent-iad3-2.cdninstagram.com/v/t51.2885-19/298193977_632359058279705_6454462851162561509_n.jpg?stp=dst-jpg_s150x150_tt6&efg=eyJ2ZW5jb2RlX3RhZyI6InByb2ZpbGVfcGljLmRqYW5nby42NDAuYzIifQ&_nc_ht=scontent-iad3-2.cdninstagram.com&_nc_cat=105&_nc_oc=Q6cZ2QHFvLKdxP0LcRb7WTbHWCF5B7LUbMbJYJa0BhfstHSc_483oBW3dANP8GmRN2Af8pM&_nc_ohc=EjtLhJ-zAa4Q7kNvwHCOBI3&_nc_gid=4UTAr2UGW5lLJs-BJVScsQ&edm=APs17CUBAAAA&ccb=7-5&oh=00_AfoeyHTkHjsMzFOZyacrT5535wcm_dN4ha2tnQsIbSG5Iw&oe=6965ED32&_nc_sid=10d13b","https://www.threads.com/@bangpoerslalu","bangpoerslalu","2026-01-07T00:55:38.000Z","1767747338","false","TolakPilkadaOlehDPRD","false","reply","9","1","pk_sejahtera",,,"0","3","DTMKtTbk4nb","serahadiwa","https://www.threads.com/@bangpoerslalu/post/DTMKtTbk4nb","1","2026-01-08T22:13:20.055385Z",,"Walaupun @pk_sejahtera masih mengkaji tapi hasil akhirnya tetap PKS mendukung pilkada oleh DPRD, mereka hanya nunggu bargaining yg belum deal aja. Jadi komposisinya PDIP (110 kursi) lawan 7 Fraksi (465 kursi) #TolakPilkadaOlehDPRD",
"Agung Irawan","false","https://scontent-iad3-2.cdninstagram.com/v/t51.2885-19/514537024_18389982394140707_6567055335042133375_n.jpg?stp=dst-jpg_s150x150_tt6&efg=eyJ2ZW5jb2RlX3RhZyI6InByb2ZpbGVfcGljLmRqYW5nby45NjAuYzIifQ&_nc_ht=scontent-iad3-2.cdninstagram.com&_nc_cat=111&_nc_oc=Q6cZ2QHFvLKdxP0LcRb7WTbHWCF5B7LUbMbJYJa0BhfstHSc_483oBW3dANP8GmRN2Af8pM&_nc_ohc=tAWL0k6hzVoQ7kNvwGbLSC6&_nc_gid=4UTAr2UGW5lLJs-BJVScsQ&edm=APs17CUBAAAA&ccb=7-5&oh=00_AfoEsTepfrKs10-a2Oiohvd8Nj03NAy4jPrnIT_rNzJtyw&oe=6965E573&_nc_sid=10d13b","https://www.threads.com/@iraagg96","iraagg96","2026-01-06T12:29:25.000Z","1767702565","false",,"false","reply","22","19",,,,"0","0","DTK1TxikygQ","serahadiwa","https://www.threads.com/@iraagg96/post/DTK1TxikygQ","0","2026-01-08T22:13:20.055412Z",,"Alasan berhemat, sejatinya hanya bagi2 kekuasaan.... Kalau mau hemat, yg di ubah teknis pemilu nya, cari formula yg tepat, tapi ah sudahlah...",
"d'koes","false","https://scontent-iad3-1.cdninstagram.com/v/t51.2885-19/461615010_2295875820778845_5570938622816765363_n.jpg?stp=dst-jpg_s150x150_tt6&efg=eyJ2ZW5jb2RlX3RhZyI6InByb2ZpbGVfcGljLmRqYW5nby4xMDgwLmMyIn0&_nc_ht=scontent-iad3-1.cdninstagram.com&_nc_cat=109&_nc_oc=Q6cZ2QHFvLKdxP0LcRb7WTbHWCF5B7LUbMbJYJa0BhfstHSc_483oBW3dANP8GmRN2Af8pM&_nc_ohc=7qIUgNGurGQQ7kNvwFPP2AM&_nc_gid=4UTAr2UGW5lLJs-BJVScsQ&edm=APs17CUBAAAA&ccb=7-5&oh=00_AfoXDlNg35mnUaN6EjW2Kq1QlikI4SVV-_G4ZyWO51i3oQ&oe=6965F756&_nc_sid=10d13b","https://www.threads.com/@dkoes7","dkoes7","2026-01-06T14:22:53.000Z","1767709373","false",,"false","reply","3","19",,,,"0","2","DTLCS0yD9PI","serahadiwa","https://www.threads.com/@dkoes7/post/DTLCS0yD9PI","0","2026-01-08T22:13:20.055439Z",,"Setuju tidak ada pemilu, anggaran pemilu akan jauh lebih bermanfaat untuk menghidupkan roda ekonomi, pemilu boleh saja ada, semua calon wakil rakyat harus INDEPENDEN, tanpa campur tangan partai... Rusak sudah negeri ini oleh partai..",
"dsw","false","https://instagram.fmcp5-1.fna.fbcdn.net/v/t51.2885-19/573323465_1219825463302212_7278921664109726296_n.png?stp=dst-jpg_e0_s150x150_tt6&efg=eyJ2ZW5jb2RlX3RhZyI6InByb2ZpbGVfcGljLmRqYW5nby4xNTAuYzIifQ&_nc_ht=instagram.fmcp5-1.fna.fbcdn.net&_nc_cat=1&_nc_oc=Q6cZ2QFRNaDqyEvJChtri35yrF06BTk68f9eywjlQrdid6loTWOijxABnEn9IOKVj7YsjoDwhxkA3RfcXnlXbP0MgmkP&_nc_ohc=jFezCB5ZvcgQ7kNvwFM0SLc&_nc_gid=E-_hChcoBH9-yhv8OkQHgw&edm=ALbqBD0BAAAA&ccb=7-5&ig_cache_key=YW5vbnltb3VzX3Byb2ZpbGVfcGlj.3-ccb7-5&oh=00_Aforw5SB9I07KqYjmuVrtcamuCabWQft0l2iBKywMhBHvA&oe=6965FFEA&_nc_sid=847350","https://www.threads.com/@david.suwardi","david.suwardi","2026-01-06T12:15:36.000Z","1767701736","false",,"false","reply","5","19",,,,"0","2","DTKzuoYkWs9","serahadiwa","https://www.threads.com/@david.suwardi/post/DTKzuoYkWs9","0","2026-01-08T22:13:20.055463Z",,"Karena dprd diisi partai pemenang dan saat ini pdip ga jadi pemenang. Semua partai sama saja mikirinnya kepentingan partai dikemas dgn embel2 demi rakyat.",
"husodo 2189061","false","https://scontent-iad3-2.cdninstagram.com/v/t51.2885-19/568287966_17842443051602915_8037961434870909997_n.jpg?stp=dst-jpg_s150x150_tt6&efg=eyJ2ZW5jb2RlX3RhZyI6InByb2ZpbGVfcGljLmRqYW5nby4xMDgwLmMyIn0&_nc_ht=scontent-iad3-2.cdninstagram.com&_nc_cat=111&_nc_oc=Q6cZ2QHFvLKdxP0LcRb7WTbHWCF5B7LUbMbJYJa0BhfstHSc_483oBW3dANP8GmRN2Af8pM&_nc_ohc=UgT-6XgxbMQQ7kNvwHr_Q1Q&_nc_gid=4UTAr2UGW5lLJs-BJVScsQ&edm=APs17CUBAAAA&ccb=7-5&oh=00_Afqf-8qwbRNmU4jr6qrB7meLqi5NuqYmjJWF3_FmqVauxw&oe=69660619&_nc_sid=10d13b","https://www.threads.com/@husodo2189061","husodo2189061","2026-01-07T07:20:37.000Z","1767770437","false",,"false","reply","0","19",,,,"0","0","DTM2w_9EjFz","serahadiwa","https://www.threads.com/@husodo2189061/post/DTM2w_9EjFz","0","2026-01-08T22:13:20.055480Z",,"Kagak usah banyak parpol dah biar ongkos politik gak kemahalan",
"Abdul Rasyid","false","https://scontent-iad3-2.cdninstagram.com/v/t51.2885-19/515458818_18376134844126841_8025011919266439749_n.jpg?stp=dst-jpg_s150x150_tt6&efg=eyJ2ZW5jb2RlX3RhZyI6InByb2ZpbGVfcGljLmRqYW5nby43MTEuYzIifQ&_nc_ht=scontent-iad3-2.cdninstagram.com&_nc_cat=105&_nc_oc=Q6cZ2QHFvLKdxP0LcRb7WTbHWCF5B7LUbMbJYJa0BhfstHSc_483oBW3dANP8GmRN2Af8pM&_nc_ohc=m9WLuySAq3UQ7kNvwElbG8e&_nc_gid=4UTAr2UGW5lLJs-BJVScsQ&edm=APs17CUBAAAA&ccb=7-5&oh=00_AfrAdN6r-RZYTAz91gWCL5o9olZxG3Nugn6oy28Yz3ccpg&oe=696608E0&_nc_sid=10d13b","https://www.threads.com/@abdrosyid954","abdrosyid954","2026-01-06T13:08:40.000Z","1767704920","false",,"false","reply","5","19",,,,"0","0","DTK5zPyEnAZ","serahadiwa","https://www.threads.com/@abdrosyid954/post/DTK5zPyEnAZ","0","2026-01-08T22:13:20.055504Z",,"Kalau mau hemat parpol pemenang pemilu legislatif di daerah setempat berhak jadi kepala daerah tanpa wakil , kalau kepala daerah berhalangan diwakili sekda. artinya siapapun yg jadi kepala daerah tetap pilihan rakyat. tanpa kongkalikong elit",
"David","false","https://scontent-iad3-2.cdninstagram.com/v/t51.2885-19/473045788_1320738136009371_7472531873081172728_n.jpg?stp=dst-jpg_s150x150_tt6&efg=eyJ2ZW5jb2RlX3RhZyI6InByb2ZpbGVfcGljLmRqYW5nby43MjAuYzIifQ&_nc_ht=scontent-iad3-2.cdninstagram.com&_nc_cat=103&_nc_oc=Q6cZ2QHFvLKdxP0LcRb7WTbHWCF5B7LUbMbJYJa0BhfstHSc_483oBW3dANP8GmRN2Af8pM&_nc_ohc=vruH35R5VC0Q7kNvwFXIsA3&_nc_gid=4UTAr2UGW5lLJs-BJVScsQ&edm=APs17CUBAAAA&ccb=7-5&oh=00_AfppuPFc6HD5xqn3VeIMJ-BOaUTDXiUDmtLeMOzQLR_U5g&oe=6965EC01&_nc_sid=10d13b","https://www.threads.com/@david.sebastian74","david.sebastian74","2026-01-07T07:28:29.000Z","1767770909","false",,"false","reply","0","19",,,,"0","0","DTM3qi7E6qU","serahadiwa","https://www.threads.com/@david.sebastian74/post/DTM3qi7E6qU","0","2026-01-08T22:13:20.055540Z",,"Setahu saya wacana gubenur dipilih oleh DPRD sdh ada sjk jaman pak SBY meski kemudian digagalkan.Gua sih setuju sebagian. Alasannya, Gubenur adalah tangan pemerintah pusat di daerah kecuali untuk daerah dng status khusus (Jakarta,Aceh,Jogja),tugasnya mengawasi proyek pusat di daerah jd ya lbh baik diserahkan ke pemerintah/DPRD sedang untuk kepala daerah (walikota/bupati) baru diadakan pilkada krn dia wakil rakyat daerah.",
"Gunawan Wibisono","false","https://scontent-iad3-1.cdninstagram.com/v/t51.2885-19/481432793_1708775720078041_7717429170529428170_n.jpg?stp=dst-jpg_s150x150_tt6&efg=eyJ2ZW5jb2RlX3RhZyI6InByb2ZpbGVfcGljLmRqYW5nby43MjAuYzIifQ&_nc_ht=scontent-iad3-1.cdninstagram.com&_nc_cat=101&_nc_oc=Q6cZ2QHFvLKdxP0LcRb7WTbHWCF5B7LUbMbJYJa0BhfstHSc_483oBW3dANP8GmRN2Af8pM&_nc_ohc=rE6CYnsU7AQQ7kNvwGmrXYH&_nc_gid=4UTAr2UGW5lLJs-BJVScsQ&edm=APs17CUBAAAA&ccb=7-5&oh=00_AfqboK5yVsUhnHeeBMLZb2_xWDcRE5kMnmiE8j8XFCQyPA&oe=6965F3EC&_nc_sid=10d13b","https://www.threads.com/@gw9917266","gw9917266","2026-01-06T12:46:31.000Z","1767703591","false",,"false","reply","5","19",,,,"0","1","DTK3RBnEr5-","serahadiwa","https://www.threads.com/@gw9917266/post/DTK3RBnEr5-","0","2026-01-08T22:13:20.055567Z",,"DPRD Merasa iri dgn rakyat,setiap pilkada rakyat bisa dapat cuan dari calon pesrta pilkada. Kalaupun ada cuan yg masuk,itu akan masuk ke parpolnya. Kalau akhirnya DPRD yg memilih, setiap anggota DPRD pasti berharap dapat cuan langsung dari calon.",
"Thanel","false","https://scontent-iad3-2.cdninstagram.com/v/t51.2885-19/357858317_620241270092874_4361936261041375779_n.jpg?stp=dst-jpg_s150x150_tt6&efg=eyJ2ZW5jb2RlX3RhZyI6InByb2ZpbGVfcGljLmRqYW5nby4xMDgwLmMyIn0&_nc_ht=scontent-iad3-2.cdninstagram.com&_nc_cat=106&_nc_oc=Q6cZ2QHFvLKdxP0LcRb7WTbHWCF5B7LUbMbJYJa0BhfstHSc_483oBW3dANP8GmRN2Af8pM&_nc_ohc=IVnnICpZ6UQQ7kNvwETJSS4&_nc_gid=4UTAr2UGW5lLJs-BJVScsQ&edm=APs17CUBAAAA&ccb=7-5&oh=00_AfogzqCG60YpISE-1NoxhP3lz8b4buHOQvw6VfA_vBm0ow&oe=69660561&_nc_sid=10d13b","https://www.threads.com/@thanel11","thanel11","2026-01-06T13:20:36.000Z","1767705636","false",,"false","reply","8","19",,,,"0","0","DTK7Ku_EVIv","serahadiwa","https://www.threads.com/@thanel11/post/DTK7Ku_EVIv","0","2026-01-08T22:13:20.055590Z",,"lah anggota2 dprd aja dianggap ga mewakili rakyat kok, malah mrk disuruh milih pemimpin daerah.. makin ngawur aja 🤭",
"Jaton Tri","false","https://instagram.fmcp5-1.fna.fbcdn.net/v/t51.2885-19/573323465_1219825463302212_7278921664109726296_n.png?stp=dst-jpg_e0_s150x150_tt6&efg=eyJ2ZW5jb2RlX3RhZyI6InByb2ZpbGVfcGljLmRqYW5nby4xNTAuYzIifQ&_nc_ht=instagram.fmcp5-1.fna.fbcdn.net&_nc_cat=1&_nc_oc=Q6cZ2QFRNaDqyEvJChtri35yrF06BTk68f9eywjlQrdid6loTWOijxABnEn9IOKVj7YsjoDwhxkA3RfcXnlXbP0MgmkP&_nc_ohc=jFezCB5ZvcgQ7kNvwFM0SLc&_nc_gid=E-_hChcoBH9-yhv8OkQHgw&edm=ALbqBD0BAAAA&ccb=7-5&ig_cache_key=YW5vbnltb3VzX3Byb2ZpbGVfcGlj.3-ccb7-5&oh=00_Aforw5SB9I07KqYjmuVrtcamuCabWQft0l2iBKywMhBHvA&oe=6965FFEA&_nc_sid=847350","https://www.threads.com/@jaton.tri","jaton.tri","2026-01-07T02:55:50.000Z","1767754550","false",,"false","reply","2","19",,,,"0","0","DTMYdpbElue","serahadiwa","https://www.threads.com/@jaton.tri/post/DTMYdpbElue","0","2026-01-08T22:13:20.055611Z",,"PDIP nolak karena mereka bisa kalah telak jika ini terjadi, karena target PDIP selalu pucuk, kalau sampai ini terjadi PDIP mau ga mau harus tunduk dan masuk koalisi Prabowo",
"Sianti Candra","false","https://scontent-iad3-1.cdninstagram.com/v/t51.2885-19/358504271_295808969773430_8234101561848512299_n.jpg?stp=dst-jpg_s150x150_tt6&efg=eyJ2ZW5jb2RlX3RhZyI6InByb2ZpbGVfcGljLmRqYW5nby4xMDgwLmMyIn0&_nc_ht=scontent-iad3-1.cdninstagram.com&_nc_cat=102&_nc_oc=Q6cZ2QHFvLKdxP0LcRb7WTbHWCF5B7LUbMbJYJa0BhfstHSc_483oBW3dANP8GmRN2Af8pM&_nc_ohc=hhUCfF5BPaEQ7kNvwHWtkI_&_nc_gid=4UTAr2UGW5lLJs-BJVScsQ&edm=APs17CUBAAAA&ccb=7-5&oh=00_AfqoZ1ZeZgu634lGHgQ--ebEebuZKzDS78eOgajhGB_g_g&oe=6965F0D9&_nc_sid=10d13b","https://www.threads.com/@scandraventure","scandraventure","2026-01-06T20:07:04.000Z","1767730024","false",,"false","reply","3","19",,,,"0","1","DTLprzWE6Xa","serahadiwa","https://www.threads.com/@scandraventure/post/DTLprzWE6Xa","0","2026-01-08T22:13:20.055625Z",,"Ini operasi senyap yah... 🤔",
"Henda Rasena","false","https://scontent-iad3-1.cdninstagram.com/v/t51.2885-19/590401646_17903284851309649_191814983452366593_n.jpg?stp=dst-jpg_s150x150_tt6&efg=eyJ2ZW5jb2RlX3RhZyI6InByb2ZpbGVfcGljLmRqYW5nby4xMDgwLmMyIn0&_nc_ht=scontent-iad3-1.cdninstagram.com&_nc_cat=101&_nc_oc=Q6cZ2QHFvLKdxP0LcRb7WTbHWCF5B7LUbMbJYJa0BhfstHSc_483oBW3dANP8GmRN2Af8pM&_nc_ohc=u1DlvwEOxy0Q7kNvwEiAUix&_nc_gid=4UTAr2UGW5lLJs-BJVScsQ&edm=APs17CUBAAAA&ccb=7-5&oh=00_Afoffds4705gzOfZc20es_mswj5zZEWygruwOhv61CUCng&oe=6965F235&_nc_sid=10d13b","https://www.threads.com/@dr.hendarasena","dr.hendarasena","2026-01-07T06:29:44.000Z","1767767384","false",,"false","reply","0","19",,,,"0","0","DTMw8WQgQuA","serahadiwa","https://www.threads.com/@dr.hendarasena/post/DTMw8WQgQuA","0","2026-01-08T22:13:20.055642Z",,"kalo dprpd nya pinter pinter dan amanah sih oke oke aja lha dprd nya mohon maaf kualitasnya kurang..",
"Indah Pratiwi","false","https://scontent-iad3-2.cdninstagram.com/v/t51.2885-19/611201800_17936760957114258_4253213750543384647_n.jpg?stp=dst-jpg_s150x150_tt6&efg=eyJ2ZW5jb2RlX3RhZyI6InByb2ZpbGVfcGljLmRqYW5nby44MjguYzIifQ&_nc_ht=scontent-iad3-2.cdninstagram.com&_nc_cat=106&_nc_oc=Q6cZ2QHFvLKdxP0LcRb7WTbHWCF5B7LUbMbJYJa0BhfstHSc_483oBW3dANP8GmRN2Af8pM&_nc_ohc=XlM2oIj-oP8Q7kNvwG4HIRy&_nc_gid=4UTAr2UGW5lLJs-BJVScsQ&edm=APs17CUBAAAA&ccb=7-5&oh=00_AfppF_Z0QYAlFcGfjgndwEmlJieOMR2RHCDIvqIGvXrc0Q&oe=69660BFA&_nc_sid=10d13b","https://www.threads.com/@pratindah","pratindah","2026-01-07T05:03:00.000Z","1767762180","false",,"false","reply","0","19",,,,"0","0","DTMnBG6k3YF","serahadiwa","https://www.threads.com/@pratindah/post/DTMnBG6k3YF","0","2026-01-08T22:13:20.055657Z",,"Gak ada yg mau demo apanih?",
"Eko Budi Prianto","false","https://scontent-iad3-1.cdninstagram.com/v/t51.2885-19/455703449_1290753718759570_8589150391144308760_n.jpg?stp=dst-jpg_s150x150_tt6&efg=eyJ2ZW5jb2RlX3RhZyI6InByb2ZpbGVfcGljLmRqYW5nby43MjIuYzIifQ&_nc_ht=scontent-iad3-1.cdninstagram.com&_nc_cat=110&_nc_oc=Q6cZ2QHFvLKdxP0LcRb7WTbHWCF5B7LUbMbJYJa0BhfstHSc_483oBW3dANP8GmRN2Af8pM&_nc_ohc=iF1uOr9PO84Q7kNvwE2tyg8&_nc_gid=4UTAr2UGW5lLJs-BJVScsQ&edm=APs17CUBAAAA&ccb=7-5&oh=00_AfrrU0g81QlKIYBPBC8omW1rED2ujNFHjOklYDJTUXDVSw&oe=6965F4A6&_nc_sid=10d13b","https://www.threads.com/@ekopriianto","ekopriianto","2026-01-07T01:54:35.000Z","1767750875","false",,"false","reply","1","19",,,,"0","0","DTMRdFwkumS","serahadiwa","https://www.threads.com/@ekopriianto/post/DTMRdFwkumS","0","2026-01-08T22:13:20.055683Z",,"Nggk,, Alasan Udah Gila itu Partai Partai,, cuma gara2 pengen Efisien Hak Rakyat jadi Korban,,, padahal yg bikin biaya tinggi mereka2 juga partai dan para calon, rakyat dibego2in pake duit biar kepilih giliran kalah ngamook nyalahin rakyat.",
"Michael Octavianus Depari","false","https://scontent-iad3-1.cdninstagram.com/v/t51.2885-19/489762858_1021718549359732_7428680206777031846_n.jpg?stp=dst-jpg_s150x150_tt6&efg=eyJ2ZW5jb2RlX3RhZyI6InByb2ZpbGVfcGljLmRqYW5nby4xMDgwLmMyIn0&_nc_ht=scontent-iad3-1.cdninstagram.com&_nc_cat=104&_nc_oc=Q6cZ2QHFvLKdxP0LcRb7WTbHWCF5B7LUbMbJYJa0BhfstHSc_483oBW3dANP8GmRN2Af8pM&_nc_ohc=R1_vklNAtAAQ7kNvwGTxO2-&_nc_gid=4UTAr2UGW5lLJs-BJVScsQ&edm=APs17CUBAAAA&ccb=7-5&oh=00_Afpd7B90kTsZ_E9NETscBn8kNE2nklAwBX1NETXyzYrenA&oe=6965FFD4&_nc_sid=10d13b","https://www.threads.com/@michael.octavianus","michael.octavianus","2026-01-07T08:45:07.000Z","1767775507","false",,"false","reply","1","19",,,,"0","0","DTNAb7JEcka","serahadiwa","https://www.threads.com/@michael.octavianus/post/DTNAb7JEcka","0","2026-01-08T22:13:20.055703Z",,"Sedih sih, dipilih sama rakyat, rakyatnya diabaikan, apalagi gak dipilih rakyat, makin gak peduli toh, karena kepentingan mereka bukan lagi di rakyat",
"Sam Buluran","false","https://scontent-iad3-1.cdninstagram.com/v/t51.2885-19/472489145_1519419918749048_7578254016062719113_n.jpg?stp=dst-jpg_s150x150_tt6&efg=eyJ2ZW5jb2RlX3RhZyI6InByb2ZpbGVfcGljLmRqYW5nby4xNTAuYzIifQ&_nc_ht=scontent-iad3-1.cdninstagram.com&_nc_cat=108&_nc_oc=Q6cZ2QHFvLKdxP0LcRb7WTbHWCF5B7LUbMbJYJa0BhfstHSc_483oBW3dANP8GmRN2Af8pM&_nc_ohc=WxNU25hDvGQQ7kNvwHQedqt&_nc_gid=4UTAr2UGW5lLJs-BJVScsQ&edm=APs17CUBAAAA&ccb=7-5&oh=00_Afok8QYHs38PLLMgQt_IRjfMKSWiQaZQ4GgQpVxtuFqUgg&oe=6965EFF7&_nc_sid=10d13b","https://www.threads.com/@sambuluran","sambuluran","2026-01-06T10:51:04.000Z","1767696664","false",,"false","reply","1","19",,,,"0","1","DTKqDe9Ewxl","serahadiwa","https://www.threads.com/@sambuluran/post/DTKqDe9Ewxl","0","2026-01-08T22:13:20.055716Z",,"Jgn pilih caleg dpr dan dprd",
